"CODE_OPERATION"	"CODE_STATION"	"LB_STATION"	"CODE_POINT"	"DATE"	"CODE_PRODUCTEUR"	"NOM_PRODUCTEUR"	"CODE_PRELEVEUR"	"NOM_PRELEVEUR"	"CODE_DETERMINATEUR"	"NOM_DETERMINATEUR"	"COORD_X_OP"	"COORD_Y_OP"	"COORD_X_OP_AVAL"	"COORD_Y_OP_AVAL"	"TYPO_NATIONALE"	"CODE_PHASE"	"CODE_PREL_ELEM"	"CODE_TAXON"	"NOM_LATIN_TAXON"	"RESULTAT"	"CODE_REMARQUE"
"RCS223-06070"	"04211310"	"RAU DE TREHELU À GUICHEN"	3	"04/08/2022"	0	"EPTB Eaux et Vilaine"	41749411900056	"AQUABIO"	41749411900056	"AQUABIO"	345434	6774470	345462	6774481	"TP12-A"	"A"	0	"1009"	"Planorbidae"	4	1
"RCS223-06070"	"04211310"	"RAU DE TREHELU À GUICHEN"	3	"04/08/2022"	0	"EPTB Eaux et Vilaine"	41749411900056	"AQUABIO"	41749411900056	"AQUABIO"	345434	6774470	345462	6774481	"TP12-A"	"A"	0	"1028"	"Ancylus"	1	1
"RCS223-06070"	"04211310"	"RAU DE TREHELU À GUICHEN"	3	"04/08/2022"	0	"EPTB Eaux et Vilaine"	41749411900056	"AQUABIO"	41749411900056	"AQUABIO"	345434	6774470	345462	6774481	"TP12-A"	"A"	0	"1042"	"Sphaeriidae"	23	1
"RCS223-06070"	"04211310"	"RAU DE TREHELU À GUICHEN"	3	"04/08/2022"	0	"EPTB Eaux et Vilaine"	41749411900056	"AQUABIO"	41749411900056	"AQUABIO"	345434	6774470	345462	6774481	"TP12-A"	"A"	0	"1043"	"Pisidium"	15	1
"RCS223-06070"	"04211310"	"RAU DE TREHELU À GUICHEN"	3	"04/08/2022"	0	"EPTB Eaux et Vilaine"	41749411900056	"AQUABIO"	41749411900056	"AQUABIO"	345434	6774470	345462	6774481	"TP12-A"	"A"	0	"1044"	"Sphaerium"	8	1
"RCS223-06070"	"04211310"	"RAU DE TREHELU À GUICHEN"	3	"04/08/2022"	0	"EPTB Eaux et Vilaine"	41749411900056	"AQUABIO"	41749411900056	"AQUABIO"	345434	6774470	345462	6774481	"TP12-A"	"A"	0	"1056"	"Dugesia"	2	1
"RCS223-06070"	"04211310"	"RAU DE TREHELU À GUICHEN"	3	"04/08/2022"	0	"EPTB Eaux et Vilaine"	41749411900056	"AQUABIO"	41749411900056	"AQUABIO"	345434	6774470	345462	6774481	"TP12-A"	"A"	0	"1064"	"Polycelis"	1	1
"RCS223-06070"	"04211310"	"RAU DE TREHELU À GUICHEN"	3	"04/08/2022"	0	"EPTB Eaux et Vilaine"	41749411900056	"AQUABIO"	41749411900056	"AQUABIO"	345434	6774470	345462	6774481	"TP12-A"	"A"	0	"223"	"Polycentropodidae"	2	1
"RCS223-06070"	"04211310"	"RAU DE TREHELU À GUICHEN"	3	"04/08/2022"	0	"EPTB Eaux et Vilaine"	41749411900056	"AQUABIO"	41749411900056	"AQUABIO"	345434	6774470	345462	6774481	"TP12-A"	"A"	0	"224"	"Cyrnus"	10	1
"RCS223-06070"	"04211310"	"RAU DE TREHELU À GUICHEN"	3	"04/08/2022"	0	"EPTB Eaux et Vilaine"	41749411900056	"AQUABIO"	41749411900056	"AQUABIO"	345434	6774470	345462	6774481	"TP12-A"	"A"	0	"231"	"Polycentropus"	8	1
"RCS223-06070"	"04211310"	"RAU DE TREHELU À GUICHEN"	3	"04/08/2022"	0	"EPTB Eaux et Vilaine"	41749411900056	"AQUABIO"	41749411900056	"AQUABIO"	345434	6774470	345462	6774481	"TP12-A"	"A"	0	"310"	"Leptoceridae"	1	1
"RCS223-06070"	"04211310"	"RAU DE TREHELU À GUICHEN"	3	"04/08/2022"	0	"EPTB Eaux et Vilaine"	41749411900056	"AQUABIO"	41749411900056	"AQUABIO"	345434	6774470	345462	6774481	"TP12-A"	"A"	0	"311"	"Athripsodes"	8	1
"RCS223-06070"	"04211310"	"RAU DE TREHELU À GUICHEN"	3	"04/08/2022"	0	"EPTB Eaux et Vilaine"	41749411900056	"AQUABIO"	41749411900056	"AQUABIO"	345434	6774470	345462	6774481	"TP12-A"	"A"	0	"3127"	"Cladocera"	1	4
"RCS223-06070"	"04211310"	"RAU DE TREHELU À GUICHEN"	3	"04/08/2022"	0	"EPTB Eaux et Vilaine"	41749411900056	"AQUABIO"	41749411900056	"AQUABIO"	345434	6774470	345462	6774481	"TP12-A"	"A"	0	"312"	"Mystacides"	4	1
"RCS223-06070"	"04211310"	"RAU DE TREHELU À GUICHEN"	3	"04/08/2022"	0	"EPTB Eaux et Vilaine"	41749411900056	"AQUABIO"	41749411900056	"AQUABIO"	345434	6774470	345462	6774481	"TP12-A"	"A"	0	"3202"	"Hemerodromiinae"	1	1
"RCS223-06070"	"04211310"	"RAU DE TREHELU À GUICHEN"	3	"04/08/2022"	0	"EPTB Eaux et Vilaine"	41749411900056	"AQUABIO"	41749411900056	"AQUABIO"	345434	6774470	345462	6774481	"TP12-A"	"A"	0	"3206"	"Copepoda"	1	4
"RCS223-06070"	"04211310"	"RAU DE TREHELU À GUICHEN"	3	"04/08/2022"	0	"EPTB Eaux et Vilaine"	41749411900056	"AQUABIO"	41749411900056	"AQUABIO"	345434	6774470	345462	6774481	"TP12-A"	"A"	0	"320"	"Adicella"	1	1
"RCS223-06070"	"04211310"	"RAU DE TREHELU À GUICHEN"	3	"04/08/2022"	0	"EPTB Eaux et Vilaine"	41749411900056	"AQUABIO"	41749411900056	"AQUABIO"	345434	6774470	345462	6774481	"TP12-A"	"A"	0	"329"	"Beraeodes"	10	1
"RCS223-06070"	"04211310"	"RAU DE TREHELU À GUICHEN"	3	"04/08/2022"	0	"EPTB Eaux et Vilaine"	41749411900056	"AQUABIO"	41749411900056	"AQUABIO"	345434	6774470	345462	6774481	"TP12-A"	"A"	0	"457"	"Caenis"	1	1
"RCS223-06070"	"04211310"	"RAU DE TREHELU À GUICHEN"	3	"04/08/2022"	0	"EPTB Eaux et Vilaine"	41749411900056	"AQUABIO"	41749411900056	"AQUABIO"	345434	6774470	345462	6774481	"TP12-A"	"A"	0	"608"	"Hydraena"	2	1
"RCS223-06070"	"04211310"	"RAU DE TREHELU À GUICHEN"	3	"04/08/2022"	0	"EPTB Eaux et Vilaine"	41749411900056	"AQUABIO"	41749411900056	"AQUABIO"	345434	6774470	345462	6774481	"TP12-A"	"A"	0	"618"	"Elmis"	12	1
"RCS223-06070"	"04211310"	"RAU DE TREHELU À GUICHEN"	3	"04/08/2022"	0	"EPTB Eaux et Vilaine"	41749411900056	"AQUABIO"	41749411900056	"AQUABIO"	345434	6774470	345462	6774481	"TP12-A"	"A"	0	"622"	"Oulimnius"	75	1
"RCS223-06070"	"04211310"	"RAU DE TREHELU À GUICHEN"	3	"04/08/2022"	0	"EPTB Eaux et Vilaine"	41749411900056	"AQUABIO"	41749411900056	"AQUABIO"	345434	6774470	345462	6774481	"TP12-A"	"A"	0	"650"	"Calopteryx"	4	1
"RCS223-06070"	"04211310"	"RAU DE TREHELU À GUICHEN"	3	"04/08/2022"	0	"EPTB Eaux et Vilaine"	41749411900056	"AQUABIO"	41749411900056	"AQUABIO"	345434	6774470	345462	6774481	"TP12-A"	"A"	0	"657"	"Platycnemis"	10	1
"RCS223-06070"	"04211310"	"RAU DE TREHELU À GUICHEN"	3	"04/08/2022"	0	"EPTB Eaux et Vilaine"	41749411900056	"AQUABIO"	41749411900056	"AQUABIO"	345434	6774470	345462	6774481	"TP12-A"	"A"	0	"704"	"Sialis"	3	1
"RCS223-06070"	"04211310"	"RAU DE TREHELU À GUICHEN"	3	"04/08/2022"	0	"EPTB Eaux et Vilaine"	41749411900056	"AQUABIO"	41749411900056	"AQUABIO"	345434	6774470	345462	6774481	"TP12-A"	"A"	0	"740"	"Hydrometra"	2	1
"RCS223-06070"	"04211310"	"RAU DE TREHELU À GUICHEN"	3	"04/08/2022"	0	"EPTB Eaux et Vilaine"	41749411900056	"AQUABIO"	41749411900056	"AQUABIO"	345434	6774470	345462	6774481	"TP12-A"	"A"	0	"783"	"Psychodidae"	1	1
"RCS223-06070"	"04211310"	"RAU DE TREHELU À GUICHEN"	3	"04/08/2022"	0	"EPTB Eaux et Vilaine"	41749411900056	"AQUABIO"	41749411900056	"AQUABIO"	345434	6774470	345462	6774481	"TP12-A"	"A"	0	"794"	"Dixa"	2	1
"RCS223-06070"	"04211310"	"RAU DE TREHELU À GUICHEN"	3	"04/08/2022"	0	"EPTB Eaux et Vilaine"	41749411900056	"AQUABIO"	41749411900056	"AQUABIO"	345434	6774470	345462	6774481	"TP12-A"	"A"	0	"807"	"Chironomidae"	212	1
"RCS223-06070"	"04211310"	"RAU DE TREHELU À GUICHEN"	3	"04/08/2022"	0	"EPTB Eaux et Vilaine"	41749411900056	"AQUABIO"	41749411900056	"AQUABIO"	345434	6774470	345462	6774481	"TP12-A"	"A"	0	"837"	"Tabanidae"	2	1
"RCS223-06070"	"04211310"	"RAU DE TREHELU À GUICHEN"	3	"04/08/2022"	0	"EPTB Eaux et Vilaine"	41749411900056	"AQUABIO"	41749411900056	"AQUABIO"	345434	6774470	345462	6774481	"TP12-A"	"A"	0	"840"	"Atrichops"	1	1
"RCS223-06070"	"04211310"	"RAU DE TREHELU À GUICHEN"	3	"04/08/2022"	0	"EPTB Eaux et Vilaine"	41749411900056	"AQUABIO"	41749411900056	"AQUABIO"	345434	6774470	345462	6774481	"TP12-A"	"A"	0	"880"	"Asellidae"	28	1
"RCS223-06070"	"04211310"	"RAU DE TREHELU À GUICHEN"	3	"04/08/2022"	0	"EPTB Eaux et Vilaine"	41749411900056	"AQUABIO"	41749411900056	"AQUABIO"	345434	6774470	345462	6774481	"TP12-A"	"A"	0	"887"	"Gammaridae"	57	1
"RCS223-06070"	"04211310"	"RAU DE TREHELU À GUICHEN"	3	"04/08/2022"	0	"EPTB Eaux et Vilaine"	41749411900056	"AQUABIO"	41749411900056	"AQUABIO"	345434	6774470	345462	6774481	"TP12-A"	"A"	0	"892"	"Gammarus"	42	1
"RCS223-06070"	"04211310"	"RAU DE TREHELU À GUICHEN"	3	"04/08/2022"	0	"EPTB Eaux et Vilaine"	41749411900056	"AQUABIO"	41749411900056	"AQUABIO"	345434	6774470	345462	6774481	"TP12-A"	"A"	0	"906"	"Hydracarina"	1	4
"RCS223-06070"	"04211310"	"RAU DE TREHELU À GUICHEN"	3	"04/08/2022"	0	"EPTB Eaux et Vilaine"	41749411900056	"AQUABIO"	41749411900056	"AQUABIO"	345434	6774470	345462	6774481	"TP12-A"	"A"	0	"909"	"Glossiphonia"	5	1
"RCS223-06070"	"04211310"	"RAU DE TREHELU À GUICHEN"	3	"04/08/2022"	0	"EPTB Eaux et Vilaine"	41749411900056	"AQUABIO"	41749411900056	"AQUABIO"	345434	6774470	345462	6774481	"TP12-A"	"A"	0	"933"	"Oligochaeta"	20	1
"RCS223-06070"	"04211310"	"RAU DE TREHELU À GUICHEN"	3	"04/08/2022"	0	"EPTB Eaux et Vilaine"	41749411900056	"AQUABIO"	41749411900056	"AQUABIO"	345434	6774470	345462	6774481	"TP12-A"	"A"	0	"978"	"Potamopyrgus"	6	1
"RCS223-06070"	"04211310"	"RAU DE TREHELU À GUICHEN"	3	"04/08/2022"	0	"EPTB Eaux et Vilaine"	41749411900056	"AQUABIO"	41749411900056	"AQUABIO"	345434	6774470	345462	6774481	"TP12-A"	"A"	0	"994"	"Bithynia"	9	1
"RCS223-06070"	"04211310"	"RAU DE TREHELU À GUICHEN"	3	"04/08/2022"	0	"EPTB Eaux et Vilaine"	41749411900056	"AQUABIO"	41749411900056	"AQUABIO"	345434	6774470	345462	6774481	"TP12-A"	"B"	0	"1042"	"Sphaeriidae"	1	1
"RCS223-06070"	"04211310"	"RAU DE TREHELU À GUICHEN"	3	"04/08/2022"	0	"EPTB Eaux et Vilaine"	41749411900056	"AQUABIO"	41749411900056	"AQUABIO"	345434	6774470	345462	6774481	"TP12-A"	"B"	0	"1043"	"Pisidium"	2	1
"RCS223-06070"	"04211310"	"RAU DE TREHELU À GUICHEN"	3	"04/08/2022"	0	"EPTB Eaux et Vilaine"	41749411900056	"AQUABIO"	41749411900056	"AQUABIO"	345434	6774470	345462	6774481	"TP12-A"	"B"	0	"1087"	"Bryozoa"	1	4
"RCS223-06070"	"04211310"	"RAU DE TREHELU À GUICHEN"	3	"04/08/2022"	0	"EPTB Eaux et Vilaine"	41749411900056	"AQUABIO"	41749411900056	"AQUABIO"	345434	6774470	345462	6774481	"TP12-A"	"B"	0	"224"	"Cyrnus"	10	1
"RCS223-06070"	"04211310"	"RAU DE TREHELU À GUICHEN"	3	"04/08/2022"	0	"EPTB Eaux et Vilaine"	41749411900056	"AQUABIO"	41749411900056	"AQUABIO"	345434	6774470	345462	6774481	"TP12-A"	"B"	0	"245"	"Tinodes"	1	1
"RCS223-06070"	"04211310"	"RAU DE TREHELU À GUICHEN"	3	"04/08/2022"	0	"EPTB Eaux et Vilaine"	41749411900056	"AQUABIO"	41749411900056	"AQUABIO"	345434	6774470	345462	6774481	"TP12-A"	"B"	0	"3127"	"Cladocera"	1	4
"RCS223-06070"	"04211310"	"RAU DE TREHELU À GUICHEN"	3	"04/08/2022"	0	"EPTB Eaux et Vilaine"	41749411900056	"AQUABIO"	41749411900056	"AQUABIO"	345434	6774470	345462	6774481	"TP12-A"	"B"	0	"312"	"Mystacides"	5	1
"RCS223-06070"	"04211310"	"RAU DE TREHELU À GUICHEN"	3	"04/08/2022"	0	"EPTB Eaux et Vilaine"	41749411900056	"AQUABIO"	41749411900056	"AQUABIO"	345434	6774470	345462	6774481	"TP12-A"	"B"	0	"3168"	"Hydrozoa"	1	4
"RCS223-06070"	"04211310"	"RAU DE TREHELU À GUICHEN"	3	"04/08/2022"	0	"EPTB Eaux et Vilaine"	41749411900056	"AQUABIO"	41749411900056	"AQUABIO"	345434	6774470	345462	6774481	"TP12-A"	"B"	0	"3206"	"Copepoda"	1	4
"RCS223-06070"	"04211310"	"RAU DE TREHELU À GUICHEN"	3	"04/08/2022"	0	"EPTB Eaux et Vilaine"	41749411900056	"AQUABIO"	41749411900056	"AQUABIO"	345434	6774470	345462	6774481	"TP12-A"	"B"	0	"502"	"Ephemera"	1	1
"RCS223-06070"	"04211310"	"RAU DE TREHELU À GUICHEN"	3	"04/08/2022"	0	"EPTB Eaux et Vilaine"	41749411900056	"AQUABIO"	41749411900056	"AQUABIO"	345434	6774470	345462	6774481	"TP12-A"	"B"	0	"618"	"Elmis"	5	1
"RCS223-06070"	"04211310"	"RAU DE TREHELU À GUICHEN"	3	"04/08/2022"	0	"EPTB Eaux et Vilaine"	41749411900056	"AQUABIO"	41749411900056	"AQUABIO"	345434	6774470	345462	6774481	"TP12-A"	"B"	0	"622"	"Oulimnius"	15	1
"RCS223-06070"	"04211310"	"RAU DE TREHELU À GUICHEN"	3	"04/08/2022"	0	"EPTB Eaux et Vilaine"	41749411900056	"AQUABIO"	41749411900056	"AQUABIO"	345434	6774470	345462	6774481	"TP12-A"	"B"	0	"650"	"Calopteryx"	1	1
"RCS223-06070"	"04211310"	"RAU DE TREHELU À GUICHEN"	3	"04/08/2022"	0	"EPTB Eaux et Vilaine"	41749411900056	"AQUABIO"	41749411900056	"AQUABIO"	345434	6774470	345462	6774481	"TP12-A"	"B"	0	"704"	"Sialis"	2	1
"RCS223-06070"	"04211310"	"RAU DE TREHELU À GUICHEN"	3	"04/08/2022"	0	"EPTB Eaux et Vilaine"	41749411900056	"AQUABIO"	41749411900056	"AQUABIO"	345434	6774470	345462	6774481	"TP12-A"	"B"	0	"807"	"Chironomidae"	54	1
"RCS223-06070"	"04211310"	"RAU DE TREHELU À GUICHEN"	3	"04/08/2022"	0	"EPTB Eaux et Vilaine"	41749411900056	"AQUABIO"	41749411900056	"AQUABIO"	345434	6774470	345462	6774481	"TP12-A"	"B"	0	"840"	"Atrichops"	1	1
"RCS223-06070"	"04211310"	"RAU DE TREHELU À GUICHEN"	3	"04/08/2022"	0	"EPTB Eaux et Vilaine"	41749411900056	"AQUABIO"	41749411900056	"AQUABIO"	345434	6774470	345462	6774481	"TP12-A"	"B"	0	"880"	"Asellidae"	1	1
"RCS223-06070"	"04211310"	"RAU DE TREHELU À GUICHEN"	3	"04/08/2022"	0	"EPTB Eaux et Vilaine"	41749411900056	"AQUABIO"	41749411900056	"AQUABIO"	345434	6774470	345462	6774481	"TP12-A"	"B"	0	"887"	"Gammaridae"	21	1
"RCS223-06070"	"04211310"	"RAU DE TREHELU À GUICHEN"	3	"04/08/2022"	0	"EPTB Eaux et Vilaine"	41749411900056	"AQUABIO"	41749411900056	"AQUABIO"	345434	6774470	345462	6774481	"TP12-A"	"B"	0	"892"	"Gammarus"	11	1
"RCS223-06070"	"04211310"	"RAU DE TREHELU À GUICHEN"	3	"04/08/2022"	0	"EPTB Eaux et Vilaine"	41749411900056	"AQUABIO"	41749411900056	"AQUABIO"	345434	6774470	345462	6774481	"TP12-A"	"B"	0	"906"	"Hydracarina"	1	4
"RCS223-06070"	"04211310"	"RAU DE TREHELU À GUICHEN"	3	"04/08/2022"	0	"EPTB Eaux et Vilaine"	41749411900056	"AQUABIO"	41749411900056	"AQUABIO"	345434	6774470	345462	6774481	"TP12-A"	"B"	0	"909"	"Glossiphonia"	1	1
"RCS223-06070"	"04211310"	"RAU DE TREHELU À GUICHEN"	3	"04/08/2022"	0	"EPTB Eaux et Vilaine"	41749411900056	"AQUABIO"	41749411900056	"AQUABIO"	345434	6774470	345462	6774481	"TP12-A"	"B"	0	"928"	"Erpobdellidae"	1	1
"RCS223-06070"	"04211310"	"RAU DE TREHELU À GUICHEN"	3	"04/08/2022"	0	"EPTB Eaux et Vilaine"	41749411900056	"AQUABIO"	41749411900056	"AQUABIO"	345434	6774470	345462	6774481	"TP12-A"	"B"	0	"933"	"Oligochaeta"	51	1
"RCS223-06070"	"04211310"	"RAU DE TREHELU À GUICHEN"	3	"04/08/2022"	0	"EPTB Eaux et Vilaine"	41749411900056	"AQUABIO"	41749411900056	"AQUABIO"	345434	6774470	345462	6774481	"TP12-A"	"B"	0	"978"	"Potamopyrgus"	3	1
"RCS223-06070"	"04211310"	"RAU DE TREHELU À GUICHEN"	3	"04/08/2022"	0	"EPTB Eaux et Vilaine"	41749411900056	"AQUABIO"	41749411900056	"AQUABIO"	345434	6774470	345462	6774481	"TP12-A"	"C"	0	"1042"	"Sphaeriidae"	4	1
"RCS223-06070"	"04211310"	"RAU DE TREHELU À GUICHEN"	3	"04/08/2022"	0	"EPTB Eaux et Vilaine"	41749411900056	"AQUABIO"	41749411900056	"AQUABIO"	345434	6774470	345462	6774481	"TP12-A"	"C"	0	"1087"	"Bryozoa"	1	4
"RCS223-06070"	"04211310"	"RAU DE TREHELU À GUICHEN"	3	"04/08/2022"	0	"EPTB Eaux et Vilaine"	41749411900056	"AQUABIO"	41749411900056	"AQUABIO"	345434	6774470	345462	6774481	"TP12-A"	"C"	0	"223"	"Polycentropodidae"	1	1
"RCS223-06070"	"04211310"	"RAU DE TREHELU À GUICHEN"	3	"04/08/2022"	0	"EPTB Eaux et Vilaine"	41749411900056	"AQUABIO"	41749411900056	"AQUABIO"	345434	6774470	345462	6774481	"TP12-A"	"C"	0	"224"	"Cyrnus"	12	1
"RCS223-06070"	"04211310"	"RAU DE TREHELU À GUICHEN"	3	"04/08/2022"	0	"EPTB Eaux et Vilaine"	41749411900056	"AQUABIO"	41749411900056	"AQUABIO"	345434	6774470	345462	6774481	"TP12-A"	"C"	0	"3127"	"Cladocera"	1	4
"RCS223-06070"	"04211310"	"RAU DE TREHELU À GUICHEN"	3	"04/08/2022"	0	"EPTB Eaux et Vilaine"	41749411900056	"AQUABIO"	41749411900056	"AQUABIO"	345434	6774470	345462	6774481	"TP12-A"	"C"	0	"3168"	"Hydrozoa"	1	4
"RCS223-06070"	"04211310"	"RAU DE TREHELU À GUICHEN"	3	"04/08/2022"	0	"EPTB Eaux et Vilaine"	41749411900056	"AQUABIO"	41749411900056	"AQUABIO"	345434	6774470	345462	6774481	"TP12-A"	"C"	0	"3206"	"Copepoda"	1	4
"RCS223-06070"	"04211310"	"RAU DE TREHELU À GUICHEN"	3	"04/08/2022"	0	"EPTB Eaux et Vilaine"	41749411900056	"AQUABIO"	41749411900056	"AQUABIO"	345434	6774470	345462	6774481	"TP12-A"	"C"	0	"388"	"Cloeon dipterum"	1	1
"RCS223-06070"	"04211310"	"RAU DE TREHELU À GUICHEN"	3	"04/08/2022"	0	"EPTB Eaux et Vilaine"	41749411900056	"AQUABIO"	41749411900056	"AQUABIO"	345434	6774470	345462	6774481	"TP12-A"	"C"	0	"502"	"Ephemera"	1	1
"RCS223-06070"	"04211310"	"RAU DE TREHELU À GUICHEN"	3	"04/08/2022"	0	"EPTB Eaux et Vilaine"	41749411900056	"AQUABIO"	41749411900056	"AQUABIO"	345434	6774470	345462	6774481	"TP12-A"	"C"	0	"618"	"Elmis"	1	1
"RCS223-06070"	"04211310"	"RAU DE TREHELU À GUICHEN"	3	"04/08/2022"	0	"EPTB Eaux et Vilaine"	41749411900056	"AQUABIO"	41749411900056	"AQUABIO"	345434	6774470	345462	6774481	"TP12-A"	"C"	0	"622"	"Oulimnius"	11	1
"RCS223-06070"	"04211310"	"RAU DE TREHELU À GUICHEN"	3	"04/08/2022"	0	"EPTB Eaux et Vilaine"	41749411900056	"AQUABIO"	41749411900056	"AQUABIO"	345434	6774470	345462	6774481	"TP12-A"	"C"	0	"704"	"Sialis"	5	1
"RCS223-06070"	"04211310"	"RAU DE TREHELU À GUICHEN"	3	"04/08/2022"	0	"EPTB Eaux et Vilaine"	41749411900056	"AQUABIO"	41749411900056	"AQUABIO"	345434	6774470	345462	6774481	"TP12-A"	"C"	0	"796"	"Culicidae"	3	1
"RCS223-06070"	"04211310"	"RAU DE TREHELU À GUICHEN"	3	"04/08/2022"	0	"EPTB Eaux et Vilaine"	41749411900056	"AQUABIO"	41749411900056	"AQUABIO"	345434	6774470	345462	6774481	"TP12-A"	"C"	0	"807"	"Chironomidae"	115	1
"RCS223-06070"	"04211310"	"RAU DE TREHELU À GUICHEN"	3	"04/08/2022"	0	"EPTB Eaux et Vilaine"	41749411900056	"AQUABIO"	41749411900056	"AQUABIO"	345434	6774470	345462	6774481	"TP12-A"	"C"	0	"840"	"Atrichops"	3	1
"RCS223-06070"	"04211310"	"RAU DE TREHELU À GUICHEN"	3	"04/08/2022"	0	"EPTB Eaux et Vilaine"	41749411900056	"AQUABIO"	41749411900056	"AQUABIO"	345434	6774470	345462	6774481	"TP12-A"	"C"	0	"870"	"Orconectes"	1	1
"RCS223-06070"	"04211310"	"RAU DE TREHELU À GUICHEN"	3	"04/08/2022"	0	"EPTB Eaux et Vilaine"	41749411900056	"AQUABIO"	41749411900056	"AQUABIO"	345434	6774470	345462	6774481	"TP12-A"	"C"	0	"887"	"Gammaridae"	2	1
"RCS223-06070"	"04211310"	"RAU DE TREHELU À GUICHEN"	3	"04/08/2022"	0	"EPTB Eaux et Vilaine"	41749411900056	"AQUABIO"	41749411900056	"AQUABIO"	345434	6774470	345462	6774481	"TP12-A"	"C"	0	"892"	"Gammarus"	6	1
"RCS223-06070"	"04211310"	"RAU DE TREHELU À GUICHEN"	3	"04/08/2022"	0	"EPTB Eaux et Vilaine"	41749411900056	"AQUABIO"	41749411900056	"AQUABIO"	345434	6774470	345462	6774481	"TP12-A"	"C"	0	"933"	"Oligochaeta"	78	1
"RCS223-06070"	"04211310"	"RAU DE TREHELU À GUICHEN"	3	"04/08/2022"	0	"EPTB Eaux et Vilaine"	41749411900056	"AQUABIO"	41749411900056	"AQUABIO"	345434	6774470	345462	6774481	"TP12-A"	"C"	0	"978"	"Potamopyrgus"	3	1
"RCS223-06073"	"04372013"	"FLUME A PONT DE PACE"	4	"05/08/2022"	0	"EPTB Eaux et Vilaine"	41749411900056	"AQUABIO"	41749411900056	"AQUABIO"	344313	6794219	344245	6794159	"P12-A"	"A"	0	"1009"	"Planorbidae"	1	1
"RCS223-06073"	"04372013"	"FLUME A PONT DE PACE"	4	"05/08/2022"	0	"EPTB Eaux et Vilaine"	41749411900056	"AQUABIO"	41749411900056	"AQUABIO"	344313	6794219	344245	6794159	"P12-A"	"A"	0	"1042"	"Sphaeriidae"	2	1
"RCS223-06073"	"04372013"	"FLUME A PONT DE PACE"	4	"05/08/2022"	0	"EPTB Eaux et Vilaine"	41749411900056	"AQUABIO"	41749411900056	"AQUABIO"	344313	6794219	344245	6794159	"P12-A"	"A"	0	"1043"	"Pisidium"	6	1
"RCS223-06073"	"04372013"	"FLUME A PONT DE PACE"	4	"05/08/2022"	0	"EPTB Eaux et Vilaine"	41749411900056	"AQUABIO"	41749411900056	"AQUABIO"	344313	6794219	344245	6794159	"P12-A"	"A"	0	"1044"	"Sphaerium"	7	1
"RCS223-06073"	"04372013"	"FLUME A PONT DE PACE"	4	"05/08/2022"	0	"EPTB Eaux et Vilaine"	41749411900056	"AQUABIO"	41749411900056	"AQUABIO"	344313	6794219	344245	6794159	"P12-A"	"A"	0	"1056"	"Dugesia"	1	1
"RCS223-06073"	"04372013"	"FLUME A PONT DE PACE"	4	"05/08/2022"	0	"EPTB Eaux et Vilaine"	41749411900056	"AQUABIO"	41749411900056	"AQUABIO"	344313	6794219	344245	6794159	"P12-A"	"A"	0	"1089"	"Nematoda"	1	4
"RCS223-06073"	"04372013"	"FLUME A PONT DE PACE"	4	"05/08/2022"	0	"EPTB Eaux et Vilaine"	41749411900056	"AQUABIO"	41749411900056	"AQUABIO"	344313	6794219	344245	6794159	"P12-A"	"A"	0	"224"	"Cyrnus"	5	1
"RCS223-06073"	"04372013"	"FLUME A PONT DE PACE"	4	"05/08/2022"	0	"EPTB Eaux et Vilaine"	41749411900056	"AQUABIO"	41749411900056	"AQUABIO"	344313	6794219	344245	6794159	"P12-A"	"A"	0	"231"	"Polycentropus"	1	1
"RCS223-06073"	"04372013"	"FLUME A PONT DE PACE"	4	"05/08/2022"	0	"EPTB Eaux et Vilaine"	41749411900056	"AQUABIO"	41749411900056	"AQUABIO"	344313	6794219	344245	6794159	"P12-A"	"A"	0	"245"	"Tinodes"	6	1
"RCS223-06073"	"04372013"	"FLUME A PONT DE PACE"	4	"05/08/2022"	0	"EPTB Eaux et Vilaine"	41749411900056	"AQUABIO"	41749411900056	"AQUABIO"	344313	6794219	344245	6794159	"P12-A"	"A"	0	"287"	"Goera"	1	1
"RCS223-06073"	"04372013"	"FLUME A PONT DE PACE"	4	"05/08/2022"	0	"EPTB Eaux et Vilaine"	41749411900056	"AQUABIO"	41749411900056	"AQUABIO"	344313	6794219	344245	6794159	"P12-A"	"A"	0	"3127"	"Cladocera"	1	4
"RCS223-06073"	"04372013"	"FLUME A PONT DE PACE"	4	"05/08/2022"	0	"EPTB Eaux et Vilaine"	41749411900056	"AQUABIO"	41749411900056	"AQUABIO"	344313	6794219	344245	6794159	"P12-A"	"A"	0	"312"	"Mystacides"	2	1
"RCS223-06073"	"04372013"	"FLUME A PONT DE PACE"	4	"05/08/2022"	0	"EPTB Eaux et Vilaine"	41749411900056	"AQUABIO"	41749411900056	"AQUABIO"	344313	6794219	344245	6794159	"P12-A"	"A"	0	"3170"	"Ostracoda"	1	4
"RCS223-06073"	"04372013"	"FLUME A PONT DE PACE"	4	"05/08/2022"	0	"EPTB Eaux et Vilaine"	41749411900056	"AQUABIO"	41749411900056	"AQUABIO"	344313	6794219	344245	6794159	"P12-A"	"A"	0	"3206"	"Copepoda"	1	4
"RCS223-06073"	"04372013"	"FLUME A PONT DE PACE"	4	"05/08/2022"	0	"EPTB Eaux et Vilaine"	41749411900056	"AQUABIO"	41749411900056	"AQUABIO"	344313	6794219	344245	6794159	"P12-A"	"A"	0	"387"	"Cloeon"	14	1
"RCS223-06073"	"04372013"	"FLUME A PONT DE PACE"	4	"05/08/2022"	0	"EPTB Eaux et Vilaine"	41749411900056	"AQUABIO"	41749411900056	"AQUABIO"	344313	6794219	344245	6794159	"P12-A"	"A"	0	"5196"	"Corixinae"	3	1
"RCS223-06073"	"04372013"	"FLUME A PONT DE PACE"	4	"05/08/2022"	0	"EPTB Eaux et Vilaine"	41749411900056	"AQUABIO"	41749411900056	"AQUABIO"	344313	6794219	344245	6794159	"P12-A"	"A"	0	"618"	"Elmis"	6	1
"RCS223-06073"	"04372013"	"FLUME A PONT DE PACE"	4	"05/08/2022"	0	"EPTB Eaux et Vilaine"	41749411900056	"AQUABIO"	41749411900056	"AQUABIO"	344313	6794219	344245	6794159	"P12-A"	"A"	0	"622"	"Oulimnius"	17	1
"RCS223-06073"	"04372013"	"FLUME A PONT DE PACE"	4	"05/08/2022"	0	"EPTB Eaux et Vilaine"	41749411900056	"AQUABIO"	41749411900056	"AQUABIO"	344313	6794219	344245	6794159	"P12-A"	"A"	0	"650"	"Calopteryx"	1	1
"RCS223-06073"	"04372013"	"FLUME A PONT DE PACE"	4	"05/08/2022"	0	"EPTB Eaux et Vilaine"	41749411900056	"AQUABIO"	41749411900056	"AQUABIO"	344313	6794219	344245	6794159	"P12-A"	"A"	0	"719"	"Micronecta"	25	1
"RCS223-06073"	"04372013"	"FLUME A PONT DE PACE"	4	"05/08/2022"	0	"EPTB Eaux et Vilaine"	41749411900056	"AQUABIO"	41749411900056	"AQUABIO"	344313	6794219	344245	6794159	"P12-A"	"A"	0	"733"	"Plea"	1	1
"RCS223-06073"	"04372013"	"FLUME A PONT DE PACE"	4	"05/08/2022"	0	"EPTB Eaux et Vilaine"	41749411900056	"AQUABIO"	41749411900056	"AQUABIO"	344313	6794219	344245	6794159	"P12-A"	"A"	0	"793"	"Dixidae"	1	1
"RCS223-06073"	"04372013"	"FLUME A PONT DE PACE"	4	"05/08/2022"	0	"EPTB Eaux et Vilaine"	41749411900056	"AQUABIO"	41749411900056	"AQUABIO"	344313	6794219	344245	6794159	"P12-A"	"A"	0	"807"	"Chironomidae"	170	1
"RCS223-06073"	"04372013"	"FLUME A PONT DE PACE"	4	"05/08/2022"	0	"EPTB Eaux et Vilaine"	41749411900056	"AQUABIO"	41749411900056	"AQUABIO"	344313	6794219	344245	6794159	"P12-A"	"A"	0	"840"	"Atrichops"	3	1
"RCS223-06073"	"04372013"	"FLUME A PONT DE PACE"	4	"05/08/2022"	0	"EPTB Eaux et Vilaine"	41749411900056	"AQUABIO"	41749411900056	"AQUABIO"	344313	6794219	344245	6794159	"P12-A"	"A"	0	"880"	"Asellidae"	4	1
"RCS223-06073"	"04372013"	"FLUME A PONT DE PACE"	4	"05/08/2022"	0	"EPTB Eaux et Vilaine"	41749411900056	"AQUABIO"	41749411900056	"AQUABIO"	344313	6794219	344245	6794159	"P12-A"	"A"	0	"887"	"Gammaridae"	113	1
"RCS223-06073"	"04372013"	"FLUME A PONT DE PACE"	4	"05/08/2022"	0	"EPTB Eaux et Vilaine"	41749411900056	"AQUABIO"	41749411900056	"AQUABIO"	344313	6794219	344245	6794159	"P12-A"	"A"	0	"888"	"Echinogammarus"	65	1
"RCS223-06073"	"04372013"	"FLUME A PONT DE PACE"	4	"05/08/2022"	0	"EPTB Eaux et Vilaine"	41749411900056	"AQUABIO"	41749411900056	"AQUABIO"	344313	6794219	344245	6794159	"P12-A"	"A"	0	"892"	"Gammarus"	53	1
"RCS223-06073"	"04372013"	"FLUME A PONT DE PACE"	4	"05/08/2022"	0	"EPTB Eaux et Vilaine"	41749411900056	"AQUABIO"	41749411900056	"AQUABIO"	344313	6794219	344245	6794159	"P12-A"	"A"	0	"909"	"Glossiphonia"	1	1
"RCS223-06073"	"04372013"	"FLUME A PONT DE PACE"	4	"05/08/2022"	0	"EPTB Eaux et Vilaine"	41749411900056	"AQUABIO"	41749411900056	"AQUABIO"	344313	6794219	344245	6794159	"P12-A"	"A"	0	"912"	"Helobdella"	1	1
"RCS223-06073"	"04372013"	"FLUME A PONT DE PACE"	4	"05/08/2022"	0	"EPTB Eaux et Vilaine"	41749411900056	"AQUABIO"	41749411900056	"AQUABIO"	344313	6794219	344245	6794159	"P12-A"	"A"	0	"928"	"Erpobdellidae"	2	1
"RCS223-06073"	"04372013"	"FLUME A PONT DE PACE"	4	"05/08/2022"	0	"EPTB Eaux et Vilaine"	41749411900056	"AQUABIO"	41749411900056	"AQUABIO"	344313	6794219	344245	6794159	"P12-A"	"A"	0	"933"	"Oligochaeta"	161	1
"RCS223-06073"	"04372013"	"FLUME A PONT DE PACE"	4	"05/08/2022"	0	"EPTB Eaux et Vilaine"	41749411900056	"AQUABIO"	41749411900056	"AQUABIO"	344313	6794219	344245	6794159	"P12-A"	"A"	0	"978"	"Potamopyrgus"	3	1
"RCS223-06073"	"04372013"	"FLUME A PONT DE PACE"	4	"05/08/2022"	0	"EPTB Eaux et Vilaine"	41749411900056	"AQUABIO"	41749411900056	"AQUABIO"	344313	6794219	344245	6794159	"P12-A"	"A"	0	"994"	"Bithynia"	1	1
"RCS223-06073"	"04372013"	"FLUME A PONT DE PACE"	4	"05/08/2022"	0	"EPTB Eaux et Vilaine"	41749411900056	"AQUABIO"	41749411900056	"AQUABIO"	344313	6794219	344245	6794159	"P12-A"	"B"	0	"1056"	"Dugesia"	1	1
"RCS223-06073"	"04372013"	"FLUME A PONT DE PACE"	4	"05/08/2022"	0	"EPTB Eaux et Vilaine"	41749411900056	"AQUABIO"	41749411900056	"AQUABIO"	344313	6794219	344245	6794159	"P12-A"	"B"	0	"191"	"Agapetus"	4	1
"RCS223-06073"	"04372013"	"FLUME A PONT DE PACE"	4	"05/08/2022"	0	"EPTB Eaux et Vilaine"	41749411900056	"AQUABIO"	41749411900056	"AQUABIO"	344313	6794219	344245	6794159	"P12-A"	"B"	0	"212"	"Hydropsyche"	3	1
"RCS223-06073"	"04372013"	"FLUME A PONT DE PACE"	4	"05/08/2022"	0	"EPTB Eaux et Vilaine"	41749411900056	"AQUABIO"	41749411900056	"AQUABIO"	344313	6794219	344245	6794159	"P12-A"	"B"	0	"224"	"Cyrnus"	1	1
"RCS223-06073"	"04372013"	"FLUME A PONT DE PACE"	4	"05/08/2022"	0	"EPTB Eaux et Vilaine"	41749411900056	"AQUABIO"	41749411900056	"AQUABIO"	344313	6794219	344245	6794159	"P12-A"	"B"	0	"231"	"Polycentropus"	2	1
"RCS223-06073"	"04372013"	"FLUME A PONT DE PACE"	4	"05/08/2022"	0	"EPTB Eaux et Vilaine"	41749411900056	"AQUABIO"	41749411900056	"AQUABIO"	344313	6794219	344245	6794159	"P12-A"	"B"	0	"245"	"Tinodes"	1	1
"RCS223-06073"	"04372013"	"FLUME A PONT DE PACE"	4	"05/08/2022"	0	"EPTB Eaux et Vilaine"	41749411900056	"AQUABIO"	41749411900056	"AQUABIO"	344313	6794219	344245	6794159	"P12-A"	"B"	0	"287"	"Goera"	1	1
"RCS223-06073"	"04372013"	"FLUME A PONT DE PACE"	4	"05/08/2022"	0	"EPTB Eaux et Vilaine"	41749411900056	"AQUABIO"	41749411900056	"AQUABIO"	344313	6794219	344245	6794159	"P12-A"	"B"	0	"311"	"Athripsodes"	1	1
"RCS223-06073"	"04372013"	"FLUME A PONT DE PACE"	4	"05/08/2022"	0	"EPTB Eaux et Vilaine"	41749411900056	"AQUABIO"	41749411900056	"AQUABIO"	344313	6794219	344245	6794159	"P12-A"	"B"	0	"312"	"Mystacides"	1	1
"RCS223-06073"	"04372013"	"FLUME A PONT DE PACE"	4	"05/08/2022"	0	"EPTB Eaux et Vilaine"	41749411900056	"AQUABIO"	41749411900056	"AQUABIO"	344313	6794219	344245	6794159	"P12-A"	"B"	0	"364"	"Baetis"	33	1
"RCS223-06073"	"04372013"	"FLUME A PONT DE PACE"	4	"05/08/2022"	0	"EPTB Eaux et Vilaine"	41749411900056	"AQUABIO"	41749411900056	"AQUABIO"	344313	6794219	344245	6794159	"P12-A"	"B"	0	"451"	"Ephemerella ignita"	2	1
"RCS223-06073"	"04372013"	"FLUME A PONT DE PACE"	4	"05/08/2022"	0	"EPTB Eaux et Vilaine"	41749411900056	"AQUABIO"	41749411900056	"AQUABIO"	344313	6794219	344245	6794159	"P12-A"	"B"	0	"5196"	"Corixinae"	1	1
"RCS223-06073"	"04372013"	"FLUME A PONT DE PACE"	4	"05/08/2022"	0	"EPTB Eaux et Vilaine"	41749411900056	"AQUABIO"	41749411900056	"AQUABIO"	344313	6794219	344245	6794159	"P12-A"	"B"	0	"618"	"Elmis"	1	1
"RCS223-06073"	"04372013"	"FLUME A PONT DE PACE"	4	"05/08/2022"	0	"EPTB Eaux et Vilaine"	41749411900056	"AQUABIO"	41749411900056	"AQUABIO"	344313	6794219	344245	6794159	"P12-A"	"B"	0	"622"	"Oulimnius"	10	1
"RCS223-06073"	"04372013"	"FLUME A PONT DE PACE"	4	"05/08/2022"	0	"EPTB Eaux et Vilaine"	41749411900056	"AQUABIO"	41749411900056	"AQUABIO"	344313	6794219	344245	6794159	"P12-A"	"B"	0	"623"	"Limnius"	1	1
"RCS223-06073"	"04372013"	"FLUME A PONT DE PACE"	4	"05/08/2022"	0	"EPTB Eaux et Vilaine"	41749411900056	"AQUABIO"	41749411900056	"AQUABIO"	344313	6794219	344245	6794159	"P12-A"	"B"	0	"704"	"Sialis"	1	1
"RCS223-06073"	"04372013"	"FLUME A PONT DE PACE"	4	"05/08/2022"	0	"EPTB Eaux et Vilaine"	41749411900056	"AQUABIO"	41749411900056	"AQUABIO"	344313	6794219	344245	6794159	"P12-A"	"B"	0	"765"	"Dicranota"	6	1
"RCS223-06073"	"04372013"	"FLUME A PONT DE PACE"	4	"05/08/2022"	0	"EPTB Eaux et Vilaine"	41749411900056	"AQUABIO"	41749411900056	"AQUABIO"	344313	6794219	344245	6794159	"P12-A"	"B"	0	"807"	"Chironomidae"	202	1
"RCS223-06073"	"04372013"	"FLUME A PONT DE PACE"	4	"05/08/2022"	0	"EPTB Eaux et Vilaine"	41749411900056	"AQUABIO"	41749411900056	"AQUABIO"	344313	6794219	344245	6794159	"P12-A"	"B"	0	"837"	"Tabanidae"	1	1
"RCS223-06073"	"04372013"	"FLUME A PONT DE PACE"	4	"05/08/2022"	0	"EPTB Eaux et Vilaine"	41749411900056	"AQUABIO"	41749411900056	"AQUABIO"	344313	6794219	344245	6794159	"P12-A"	"B"	0	"840"	"Atrichops"	1	1
"RCS223-06073"	"04372013"	"FLUME A PONT DE PACE"	4	"05/08/2022"	0	"EPTB Eaux et Vilaine"	41749411900056	"AQUABIO"	41749411900056	"AQUABIO"	344313	6794219	344245	6794159	"P12-A"	"B"	0	"887"	"Gammaridae"	149	1
"RCS223-06073"	"04372013"	"FLUME A PONT DE PACE"	4	"05/08/2022"	0	"EPTB Eaux et Vilaine"	41749411900056	"AQUABIO"	41749411900056	"AQUABIO"	344313	6794219	344245	6794159	"P12-A"	"B"	0	"888"	"Echinogammarus"	28	1
"RCS223-06073"	"04372013"	"FLUME A PONT DE PACE"	4	"05/08/2022"	0	"EPTB Eaux et Vilaine"	41749411900056	"AQUABIO"	41749411900056	"AQUABIO"	344313	6794219	344245	6794159	"P12-A"	"B"	0	"933"	"Oligochaeta"	116	1
"RCS223-06073"	"04372013"	"FLUME A PONT DE PACE"	4	"05/08/2022"	0	"EPTB Eaux et Vilaine"	41749411900056	"AQUABIO"	41749411900056	"AQUABIO"	344313	6794219	344245	6794159	"P12-A"	"B"	0	"978"	"Potamopyrgus"	1	1
"RCS223-06073"	"04372013"	"FLUME A PONT DE PACE"	4	"05/08/2022"	0	"EPTB Eaux et Vilaine"	41749411900056	"AQUABIO"	41749411900056	"AQUABIO"	344313	6794219	344245	6794159	"P12-A"	"C"	0	"1042"	"Sphaeriidae"	2	1
"RCS223-06073"	"04372013"	"FLUME A PONT DE PACE"	4	"05/08/2022"	0	"EPTB Eaux et Vilaine"	41749411900056	"AQUABIO"	41749411900056	"AQUABIO"	344313	6794219	344245	6794159	"P12-A"	"C"	0	"1043"	"Pisidium"	6	1
"RCS223-06073"	"04372013"	"FLUME A PONT DE PACE"	4	"05/08/2022"	0	"EPTB Eaux et Vilaine"	41749411900056	"AQUABIO"	41749411900056	"AQUABIO"	344313	6794219	344245	6794159	"P12-A"	"C"	0	"1089"	"Nematoda"	1	4
"RCS223-06073"	"04372013"	"FLUME A PONT DE PACE"	4	"05/08/2022"	0	"EPTB Eaux et Vilaine"	41749411900056	"AQUABIO"	41749411900056	"AQUABIO"	344313	6794219	344245	6794159	"P12-A"	"C"	0	"183"	"Rhyacophila lato-sensu"	2	1
"RCS223-06073"	"04372013"	"FLUME A PONT DE PACE"	4	"05/08/2022"	0	"EPTB Eaux et Vilaine"	41749411900056	"AQUABIO"	41749411900056	"AQUABIO"	344313	6794219	344245	6794159	"P12-A"	"C"	0	"189"	"Glossosomatidae"	1	1
"RCS223-06073"	"04372013"	"FLUME A PONT DE PACE"	4	"05/08/2022"	0	"EPTB Eaux et Vilaine"	41749411900056	"AQUABIO"	41749411900056	"AQUABIO"	344313	6794219	344245	6794159	"P12-A"	"C"	0	"191"	"Agapetus"	2	1
"RCS223-06073"	"04372013"	"FLUME A PONT DE PACE"	4	"05/08/2022"	0	"EPTB Eaux et Vilaine"	41749411900056	"AQUABIO"	41749411900056	"AQUABIO"	344313	6794219	344245	6794159	"P12-A"	"C"	0	"212"	"Hydropsyche"	9	1
"RCS223-06073"	"04372013"	"FLUME A PONT DE PACE"	4	"05/08/2022"	0	"EPTB Eaux et Vilaine"	41749411900056	"AQUABIO"	41749411900056	"AQUABIO"	344313	6794219	344245	6794159	"P12-A"	"C"	0	"245"	"Tinodes"	6	1
"RCS223-06073"	"04372013"	"FLUME A PONT DE PACE"	4	"05/08/2022"	0	"EPTB Eaux et Vilaine"	41749411900056	"AQUABIO"	41749411900056	"AQUABIO"	344313	6794219	344245	6794159	"P12-A"	"C"	0	"287"	"Goera"	3	1
"RCS223-06073"	"04372013"	"FLUME A PONT DE PACE"	4	"05/08/2022"	0	"EPTB Eaux et Vilaine"	41749411900056	"AQUABIO"	41749411900056	"AQUABIO"	344313	6794219	344245	6794159	"P12-A"	"C"	0	"311"	"Athripsodes"	2	1
"RCS223-06073"	"04372013"	"FLUME A PONT DE PACE"	4	"05/08/2022"	0	"EPTB Eaux et Vilaine"	41749411900056	"AQUABIO"	41749411900056	"AQUABIO"	344313	6794219	344245	6794159	"P12-A"	"C"	0	"3202"	"Hemerodromiinae"	2	1
"RCS223-06073"	"04372013"	"FLUME A PONT DE PACE"	4	"05/08/2022"	0	"EPTB Eaux et Vilaine"	41749411900056	"AQUABIO"	41749411900056	"AQUABIO"	344313	6794219	344245	6794159	"P12-A"	"C"	0	"3206"	"Copepoda"	1	4
"RCS223-06073"	"04372013"	"FLUME A PONT DE PACE"	4	"05/08/2022"	0	"EPTB Eaux et Vilaine"	41749411900056	"AQUABIO"	41749411900056	"AQUABIO"	344313	6794219	344245	6794159	"P12-A"	"C"	0	"364"	"Baetis"	2	1
"RCS223-06073"	"04372013"	"FLUME A PONT DE PACE"	4	"05/08/2022"	0	"EPTB Eaux et Vilaine"	41749411900056	"AQUABIO"	41749411900056	"AQUABIO"	344313	6794219	344245	6794159	"P12-A"	"C"	0	"451"	"Ephemerella ignita"	2	1
"RCS223-06073"	"04372013"	"FLUME A PONT DE PACE"	4	"05/08/2022"	0	"EPTB Eaux et Vilaine"	41749411900056	"AQUABIO"	41749411900056	"AQUABIO"	344313	6794219	344245	6794159	"P12-A"	"C"	0	"608"	"Hydraena"	3	1
"RCS223-06073"	"04372013"	"FLUME A PONT DE PACE"	4	"05/08/2022"	0	"EPTB Eaux et Vilaine"	41749411900056	"AQUABIO"	41749411900056	"AQUABIO"	344313	6794219	344245	6794159	"P12-A"	"C"	0	"618"	"Elmis"	18	1
"RCS223-06073"	"04372013"	"FLUME A PONT DE PACE"	4	"05/08/2022"	0	"EPTB Eaux et Vilaine"	41749411900056	"AQUABIO"	41749411900056	"AQUABIO"	344313	6794219	344245	6794159	"P12-A"	"C"	0	"619"	"Esolus"	1	1
"RCS223-06073"	"04372013"	"FLUME A PONT DE PACE"	4	"05/08/2022"	0	"EPTB Eaux et Vilaine"	41749411900056	"AQUABIO"	41749411900056	"AQUABIO"	344313	6794219	344245	6794159	"P12-A"	"C"	0	"622"	"Oulimnius"	39	1
"RCS223-06073"	"04372013"	"FLUME A PONT DE PACE"	4	"05/08/2022"	0	"EPTB Eaux et Vilaine"	41749411900056	"AQUABIO"	41749411900056	"AQUABIO"	344313	6794219	344245	6794159	"P12-A"	"C"	0	"623"	"Limnius"	3	1
"RCS223-06073"	"04372013"	"FLUME A PONT DE PACE"	4	"05/08/2022"	0	"EPTB Eaux et Vilaine"	41749411900056	"AQUABIO"	41749411900056	"AQUABIO"	344313	6794219	344245	6794159	"P12-A"	"C"	0	"719"	"Micronecta"	17	1
"RCS223-06073"	"04372013"	"FLUME A PONT DE PACE"	4	"05/08/2022"	0	"EPTB Eaux et Vilaine"	41749411900056	"AQUABIO"	41749411900056	"AQUABIO"	344313	6794219	344245	6794159	"P12-A"	"C"	0	"765"	"Dicranota"	1	1
"RCS223-06073"	"04372013"	"FLUME A PONT DE PACE"	4	"05/08/2022"	0	"EPTB Eaux et Vilaine"	41749411900056	"AQUABIO"	41749411900056	"AQUABIO"	344313	6794219	344245	6794159	"P12-A"	"C"	0	"807"	"Chironomidae"	239	1
"RCS223-06073"	"04372013"	"FLUME A PONT DE PACE"	4	"05/08/2022"	0	"EPTB Eaux et Vilaine"	41749411900056	"AQUABIO"	41749411900056	"AQUABIO"	344313	6794219	344245	6794159	"P12-A"	"C"	0	"837"	"Tabanidae"	1	1
"RCS223-06073"	"04372013"	"FLUME A PONT DE PACE"	4	"05/08/2022"	0	"EPTB Eaux et Vilaine"	41749411900056	"AQUABIO"	41749411900056	"AQUABIO"	344313	6794219	344245	6794159	"P12-A"	"C"	0	"887"	"Gammaridae"	138	1
"RCS223-06073"	"04372013"	"FLUME A PONT DE PACE"	4	"05/08/2022"	0	"EPTB Eaux et Vilaine"	41749411900056	"AQUABIO"	41749411900056	"AQUABIO"	344313	6794219	344245	6794159	"P12-A"	"C"	0	"888"	"Echinogammarus"	60	1
"RCS223-06073"	"04372013"	"FLUME A PONT DE PACE"	4	"05/08/2022"	0	"EPTB Eaux et Vilaine"	41749411900056	"AQUABIO"	41749411900056	"AQUABIO"	344313	6794219	344245	6794159	"P12-A"	"C"	0	"928"	"Erpobdellidae"	1	1
"RCS223-06073"	"04372013"	"FLUME A PONT DE PACE"	4	"05/08/2022"	0	"EPTB Eaux et Vilaine"	41749411900056	"AQUABIO"	41749411900056	"AQUABIO"	344313	6794219	344245	6794159	"P12-A"	"C"	0	"933"	"Oligochaeta"	241	1
"RCS223-06073"	"04372013"	"FLUME A PONT DE PACE"	4	"05/08/2022"	0	"EPTB Eaux et Vilaine"	41749411900056	"AQUABIO"	41749411900056	"AQUABIO"	344313	6794219	344245	6794159	"P12-A"	"C"	0	"978"	"Potamopyrgus"	21	1
"RCS223-06074"	"04372016"	"FLUME A LANGOUET"	4	"05/08/2022"	20004512800010	"EPTB Eaux et Vilaine"	41749411900056	"AQUABIO"	41749411900056	"AQUABIO"	341968	6806102	342007	6806114	"P12-A"	"A"	0	"1043"	"Pisidium"	2	1
"RCS223-06074"	"04372016"	"FLUME A LANGOUET"	4	"05/08/2022"	20004512800010	"EPTB Eaux et Vilaine"	41749411900056	"AQUABIO"	41749411900056	"AQUABIO"	341968	6806102	342007	6806114	"P12-A"	"A"	0	"1044"	"Sphaerium"	1	1
"RCS223-06074"	"04372016"	"FLUME A LANGOUET"	4	"05/08/2022"	20004512800010	"EPTB Eaux et Vilaine"	41749411900056	"AQUABIO"	41749411900056	"AQUABIO"	341968	6806102	342007	6806114	"P12-A"	"A"	0	"223"	"Polycentropodidae"	3	1
"RCS223-06074"	"04372016"	"FLUME A LANGOUET"	4	"05/08/2022"	20004512800010	"EPTB Eaux et Vilaine"	41749411900056	"AQUABIO"	41749411900056	"AQUABIO"	341968	6806102	342007	6806114	"P12-A"	"A"	0	"231"	"Polycentropus"	8	1
"RCS223-06074"	"04372016"	"FLUME A LANGOUET"	4	"05/08/2022"	20004512800010	"EPTB Eaux et Vilaine"	41749411900056	"AQUABIO"	41749411900056	"AQUABIO"	341968	6806102	342007	6806114	"P12-A"	"A"	0	"3127"	"Cladocera"	1	4
"RCS223-06074"	"04372016"	"FLUME A LANGOUET"	4	"05/08/2022"	20004512800010	"EPTB Eaux et Vilaine"	41749411900056	"AQUABIO"	41749411900056	"AQUABIO"	341968	6806102	342007	6806114	"P12-A"	"A"	0	"312"	"Mystacides"	2	1
"RCS223-06074"	"04372016"	"FLUME A LANGOUET"	4	"05/08/2022"	20004512800010	"EPTB Eaux et Vilaine"	41749411900056	"AQUABIO"	41749411900056	"AQUABIO"	341968	6806102	342007	6806114	"P12-A"	"A"	0	"3163"	"Limnephilinae"	1	1
"RCS223-06074"	"04372016"	"FLUME A LANGOUET"	4	"05/08/2022"	20004512800010	"EPTB Eaux et Vilaine"	41749411900056	"AQUABIO"	41749411900056	"AQUABIO"	341968	6806102	342007	6806114	"P12-A"	"A"	0	"622"	"Oulimnius"	2	1
"RCS223-06074"	"04372016"	"FLUME A LANGOUET"	4	"05/08/2022"	20004512800010	"EPTB Eaux et Vilaine"	41749411900056	"AQUABIO"	41749411900056	"AQUABIO"	341968	6806102	342007	6806114	"P12-A"	"A"	0	"704"	"Sialis"	17	1
"RCS223-06074"	"04372016"	"FLUME A LANGOUET"	4	"05/08/2022"	20004512800010	"EPTB Eaux et Vilaine"	41749411900056	"AQUABIO"	41749411900056	"AQUABIO"	341968	6806102	342007	6806114	"P12-A"	"A"	0	"807"	"Chironomidae"	395	1
"RCS223-06074"	"04372016"	"FLUME A LANGOUET"	4	"05/08/2022"	20004512800010	"EPTB Eaux et Vilaine"	41749411900056	"AQUABIO"	41749411900056	"AQUABIO"	341968	6806102	342007	6806114	"P12-A"	"A"	0	"880"	"Asellidae"	3	1
"RCS223-06074"	"04372016"	"FLUME A LANGOUET"	4	"05/08/2022"	20004512800010	"EPTB Eaux et Vilaine"	41749411900056	"AQUABIO"	41749411900056	"AQUABIO"	341968	6806102	342007	6806114	"P12-A"	"A"	0	"887"	"Gammaridae"	4	1
"RCS223-06074"	"04372016"	"FLUME A LANGOUET"	4	"05/08/2022"	20004512800010	"EPTB Eaux et Vilaine"	41749411900056	"AQUABIO"	41749411900056	"AQUABIO"	341968	6806102	342007	6806114	"P12-A"	"A"	0	"892"	"Gammarus"	1	1
"RCS223-06074"	"04372016"	"FLUME A LANGOUET"	4	"05/08/2022"	20004512800010	"EPTB Eaux et Vilaine"	41749411900056	"AQUABIO"	41749411900056	"AQUABIO"	341968	6806102	342007	6806114	"P12-A"	"A"	0	"908"	"Glossiphoniidae"	3	1
"RCS223-06074"	"04372016"	"FLUME A LANGOUET"	4	"05/08/2022"	20004512800010	"EPTB Eaux et Vilaine"	41749411900056	"AQUABIO"	41749411900056	"AQUABIO"	341968	6806102	342007	6806114	"P12-A"	"A"	0	"933"	"Oligochaeta"	147	1
"RCS223-06074"	"04372016"	"FLUME A LANGOUET"	4	"05/08/2022"	20004512800010	"EPTB Eaux et Vilaine"	41749411900056	"AQUABIO"	41749411900056	"AQUABIO"	341968	6806102	342007	6806114	"P12-A"	"B"	0	"1042"	"Sphaeriidae"	7	1
"RCS223-06074"	"04372016"	"FLUME A LANGOUET"	4	"05/08/2022"	20004512800010	"EPTB Eaux et Vilaine"	41749411900056	"AQUABIO"	41749411900056	"AQUABIO"	341968	6806102	342007	6806114	"P12-A"	"B"	0	"1044"	"Sphaerium"	6	1
"RCS223-06074"	"04372016"	"FLUME A LANGOUET"	4	"05/08/2022"	20004512800010	"EPTB Eaux et Vilaine"	41749411900056	"AQUABIO"	41749411900056	"AQUABIO"	341968	6806102	342007	6806114	"P12-A"	"B"	0	"212"	"Hydropsyche"	1	1
"RCS223-06074"	"04372016"	"FLUME A LANGOUET"	4	"05/08/2022"	20004512800010	"EPTB Eaux et Vilaine"	41749411900056	"AQUABIO"	41749411900056	"AQUABIO"	341968	6806102	342007	6806114	"P12-A"	"B"	0	"223"	"Polycentropodidae"	7	1
"RCS223-06074"	"04372016"	"FLUME A LANGOUET"	4	"05/08/2022"	20004512800010	"EPTB Eaux et Vilaine"	41749411900056	"AQUABIO"	41749411900056	"AQUABIO"	341968	6806102	342007	6806114	"P12-A"	"B"	0	"231"	"Polycentropus"	16	1
"RCS223-06074"	"04372016"	"FLUME A LANGOUET"	4	"05/08/2022"	20004512800010	"EPTB Eaux et Vilaine"	41749411900056	"AQUABIO"	41749411900056	"AQUABIO"	341968	6806102	342007	6806114	"P12-A"	"B"	0	"241"	"Lype"	1	1
"RCS223-06074"	"04372016"	"FLUME A LANGOUET"	4	"05/08/2022"	20004512800010	"EPTB Eaux et Vilaine"	41749411900056	"AQUABIO"	41749411900056	"AQUABIO"	341968	6806102	342007	6806114	"P12-A"	"B"	0	"311"	"Athripsodes"	1	1
"RCS223-06074"	"04372016"	"FLUME A LANGOUET"	4	"05/08/2022"	20004512800010	"EPTB Eaux et Vilaine"	41749411900056	"AQUABIO"	41749411900056	"AQUABIO"	341968	6806102	342007	6806114	"P12-A"	"B"	0	"3127"	"Cladocera"	1	4
"RCS223-06074"	"04372016"	"FLUME A LANGOUET"	4	"05/08/2022"	20004512800010	"EPTB Eaux et Vilaine"	41749411900056	"AQUABIO"	41749411900056	"AQUABIO"	341968	6806102	342007	6806114	"P12-A"	"B"	0	"3206"	"Copepoda"	1	4
"RCS223-06074"	"04372016"	"FLUME A LANGOUET"	4	"05/08/2022"	20004512800010	"EPTB Eaux et Vilaine"	41749411900056	"AQUABIO"	41749411900056	"AQUABIO"	341968	6806102	342007	6806114	"P12-A"	"B"	0	"322"	"Sericostoma"	2	1
"RCS223-06074"	"04372016"	"FLUME A LANGOUET"	4	"05/08/2022"	20004512800010	"EPTB Eaux et Vilaine"	41749411900056	"AQUABIO"	41749411900056	"AQUABIO"	341968	6806102	342007	6806114	"P12-A"	"B"	0	"451"	"Ephemerella ignita"	1	1
"RCS223-06074"	"04372016"	"FLUME A LANGOUET"	4	"05/08/2022"	20004512800010	"EPTB Eaux et Vilaine"	41749411900056	"AQUABIO"	41749411900056	"AQUABIO"	341968	6806102	342007	6806114	"P12-A"	"B"	0	"618"	"Elmis"	3	1
"RCS223-06074"	"04372016"	"FLUME A LANGOUET"	4	"05/08/2022"	20004512800010	"EPTB Eaux et Vilaine"	41749411900056	"AQUABIO"	41749411900056	"AQUABIO"	341968	6806102	342007	6806114	"P12-A"	"B"	0	"619"	"Esolus"	2	1
"RCS223-06074"	"04372016"	"FLUME A LANGOUET"	4	"05/08/2022"	20004512800010	"EPTB Eaux et Vilaine"	41749411900056	"AQUABIO"	41749411900056	"AQUABIO"	341968	6806102	342007	6806114	"P12-A"	"B"	0	"623"	"Limnius"	1	1
"RCS223-06074"	"04372016"	"FLUME A LANGOUET"	4	"05/08/2022"	20004512800010	"EPTB Eaux et Vilaine"	41749411900056	"AQUABIO"	41749411900056	"AQUABIO"	341968	6806102	342007	6806114	"P12-A"	"B"	0	"757"	"Limoniidae"	1	1
"RCS223-06074"	"04372016"	"FLUME A LANGOUET"	4	"05/08/2022"	20004512800010	"EPTB Eaux et Vilaine"	41749411900056	"AQUABIO"	41749411900056	"AQUABIO"	341968	6806102	342007	6806114	"P12-A"	"B"	0	"807"	"Chironomidae"	128	1
"RCS223-06074"	"04372016"	"FLUME A LANGOUET"	4	"05/08/2022"	20004512800010	"EPTB Eaux et Vilaine"	41749411900056	"AQUABIO"	41749411900056	"AQUABIO"	341968	6806102	342007	6806114	"P12-A"	"B"	0	"837"	"Tabanidae"	1	1
"RCS223-06074"	"04372016"	"FLUME A LANGOUET"	4	"05/08/2022"	20004512800010	"EPTB Eaux et Vilaine"	41749411900056	"AQUABIO"	41749411900056	"AQUABIO"	341968	6806102	342007	6806114	"P12-A"	"B"	0	"840"	"Atrichops"	1	1
"RCS223-06074"	"04372016"	"FLUME A LANGOUET"	4	"05/08/2022"	20004512800010	"EPTB Eaux et Vilaine"	41749411900056	"AQUABIO"	41749411900056	"AQUABIO"	341968	6806102	342007	6806114	"P12-A"	"B"	0	"880"	"Asellidae"	3	1
"RCS223-06074"	"04372016"	"FLUME A LANGOUET"	4	"05/08/2022"	20004512800010	"EPTB Eaux et Vilaine"	41749411900056	"AQUABIO"	41749411900056	"AQUABIO"	341968	6806102	342007	6806114	"P12-A"	"B"	0	"887"	"Gammaridae"	8	1
"RCS223-06074"	"04372016"	"FLUME A LANGOUET"	4	"05/08/2022"	20004512800010	"EPTB Eaux et Vilaine"	41749411900056	"AQUABIO"	41749411900056	"AQUABIO"	341968	6806102	342007	6806114	"P12-A"	"B"	0	"888"	"Echinogammarus"	6	1
"RCS223-06074"	"04372016"	"FLUME A LANGOUET"	4	"05/08/2022"	20004512800010	"EPTB Eaux et Vilaine"	41749411900056	"AQUABIO"	41749411900056	"AQUABIO"	341968	6806102	342007	6806114	"P12-A"	"B"	0	"906"	"Hydracarina"	1	4
"RCS223-06074"	"04372016"	"FLUME A LANGOUET"	4	"05/08/2022"	20004512800010	"EPTB Eaux et Vilaine"	41749411900056	"AQUABIO"	41749411900056	"AQUABIO"	341968	6806102	342007	6806114	"P12-A"	"B"	0	"908"	"Glossiphoniidae"	11	1
"RCS223-06074"	"04372016"	"FLUME A LANGOUET"	4	"05/08/2022"	20004512800010	"EPTB Eaux et Vilaine"	41749411900056	"AQUABIO"	41749411900056	"AQUABIO"	341968	6806102	342007	6806114	"P12-A"	"B"	0	"928"	"Erpobdellidae"	1	1
"RCS223-06074"	"04372016"	"FLUME A LANGOUET"	4	"05/08/2022"	20004512800010	"EPTB Eaux et Vilaine"	41749411900056	"AQUABIO"	41749411900056	"AQUABIO"	341968	6806102	342007	6806114	"P12-A"	"B"	0	"933"	"Oligochaeta"	28	1
"RCS223-06074"	"04372016"	"FLUME A LANGOUET"	4	"05/08/2022"	20004512800010	"EPTB Eaux et Vilaine"	41749411900056	"AQUABIO"	41749411900056	"AQUABIO"	341968	6806102	342007	6806114	"P12-A"	"B"	0	"978"	"Potamopyrgus"	2	1
"RCS223-06074"	"04372016"	"FLUME A LANGOUET"	4	"05/08/2022"	20004512800010	"EPTB Eaux et Vilaine"	41749411900056	"AQUABIO"	41749411900056	"AQUABIO"	341968	6806102	342007	6806114	"P12-A"	"C"	0	"1043"	"Pisidium"	6	1
"RCS223-06074"	"04372016"	"FLUME A LANGOUET"	4	"05/08/2022"	20004512800010	"EPTB Eaux et Vilaine"	41749411900056	"AQUABIO"	41749411900056	"AQUABIO"	341968	6806102	342007	6806114	"P12-A"	"C"	0	"1044"	"Sphaerium"	25	1
"RCS223-06074"	"04372016"	"FLUME A LANGOUET"	4	"05/08/2022"	20004512800010	"EPTB Eaux et Vilaine"	41749411900056	"AQUABIO"	41749411900056	"AQUABIO"	341968	6806102	342007	6806114	"P12-A"	"C"	0	"211"	"Hydropsychidae"	1	1
"RCS223-06074"	"04372016"	"FLUME A LANGOUET"	4	"05/08/2022"	20004512800010	"EPTB Eaux et Vilaine"	41749411900056	"AQUABIO"	41749411900056	"AQUABIO"	341968	6806102	342007	6806114	"P12-A"	"C"	0	"212"	"Hydropsyche"	1	1
"RCS223-06074"	"04372016"	"FLUME A LANGOUET"	4	"05/08/2022"	20004512800010	"EPTB Eaux et Vilaine"	41749411900056	"AQUABIO"	41749411900056	"AQUABIO"	341968	6806102	342007	6806114	"P12-A"	"C"	0	"311"	"Athripsodes"	3	1
"RCS223-06074"	"04372016"	"FLUME A LANGOUET"	4	"05/08/2022"	20004512800010	"EPTB Eaux et Vilaine"	41749411900056	"AQUABIO"	41749411900056	"AQUABIO"	341968	6806102	342007	6806114	"P12-A"	"C"	0	"3127"	"Cladocera"	1	4
"RCS223-06074"	"04372016"	"FLUME A LANGOUET"	4	"05/08/2022"	20004512800010	"EPTB Eaux et Vilaine"	41749411900056	"AQUABIO"	41749411900056	"AQUABIO"	341968	6806102	342007	6806114	"P12-A"	"C"	0	"312"	"Mystacides"	1	1
"RCS223-06074"	"04372016"	"FLUME A LANGOUET"	4	"05/08/2022"	20004512800010	"EPTB Eaux et Vilaine"	41749411900056	"AQUABIO"	41749411900056	"AQUABIO"	341968	6806102	342007	6806114	"P12-A"	"C"	0	"3163"	"Limnephilinae"	3	1
"RCS223-06074"	"04372016"	"FLUME A LANGOUET"	4	"05/08/2022"	20004512800010	"EPTB Eaux et Vilaine"	41749411900056	"AQUABIO"	41749411900056	"AQUABIO"	341968	6806102	342007	6806114	"P12-A"	"C"	0	"321"	"Sericostomatidae"	1	1
"RCS223-06074"	"04372016"	"FLUME A LANGOUET"	4	"05/08/2022"	20004512800010	"EPTB Eaux et Vilaine"	41749411900056	"AQUABIO"	41749411900056	"AQUABIO"	341968	6806102	342007	6806114	"P12-A"	"C"	0	"618"	"Elmis"	7	1
"RCS223-06074"	"04372016"	"FLUME A LANGOUET"	4	"05/08/2022"	20004512800010	"EPTB Eaux et Vilaine"	41749411900056	"AQUABIO"	41749411900056	"AQUABIO"	341968	6806102	342007	6806114	"P12-A"	"C"	0	"619"	"Esolus"	1	1
"RCS223-06074"	"04372016"	"FLUME A LANGOUET"	4	"05/08/2022"	20004512800010	"EPTB Eaux et Vilaine"	41749411900056	"AQUABIO"	41749411900056	"AQUABIO"	341968	6806102	342007	6806114	"P12-A"	"C"	0	"622"	"Oulimnius"	3	1
"RCS223-06074"	"04372016"	"FLUME A LANGOUET"	4	"05/08/2022"	20004512800010	"EPTB Eaux et Vilaine"	41749411900056	"AQUABIO"	41749411900056	"AQUABIO"	341968	6806102	342007	6806114	"P12-A"	"C"	0	"704"	"Sialis"	2	1
"RCS223-06074"	"04372016"	"FLUME A LANGOUET"	4	"05/08/2022"	20004512800010	"EPTB Eaux et Vilaine"	41749411900056	"AQUABIO"	41749411900056	"AQUABIO"	341968	6806102	342007	6806114	"P12-A"	"C"	0	"757"	"Limoniidae"	2	1
"RCS223-06074"	"04372016"	"FLUME A LANGOUET"	4	"05/08/2022"	20004512800010	"EPTB Eaux et Vilaine"	41749411900056	"AQUABIO"	41749411900056	"AQUABIO"	341968	6806102	342007	6806114	"P12-A"	"C"	0	"807"	"Chironomidae"	37	1
"RCS223-06074"	"04372016"	"FLUME A LANGOUET"	4	"05/08/2022"	20004512800010	"EPTB Eaux et Vilaine"	41749411900056	"AQUABIO"	41749411900056	"AQUABIO"	341968	6806102	342007	6806114	"P12-A"	"C"	0	"840"	"Atrichops"	2	1
"RCS223-06074"	"04372016"	"FLUME A LANGOUET"	4	"05/08/2022"	20004512800010	"EPTB Eaux et Vilaine"	41749411900056	"AQUABIO"	41749411900056	"AQUABIO"	341968	6806102	342007	6806114	"P12-A"	"C"	0	"887"	"Gammaridae"	11	1
"RCS223-06074"	"04372016"	"FLUME A LANGOUET"	4	"05/08/2022"	20004512800010	"EPTB Eaux et Vilaine"	41749411900056	"AQUABIO"	41749411900056	"AQUABIO"	341968	6806102	342007	6806114	"P12-A"	"C"	0	"888"	"Echinogammarus"	12	1
"RCS223-06074"	"04372016"	"FLUME A LANGOUET"	4	"05/08/2022"	20004512800010	"EPTB Eaux et Vilaine"	41749411900056	"AQUABIO"	41749411900056	"AQUABIO"	341968	6806102	342007	6806114	"P12-A"	"C"	0	"908"	"Glossiphoniidae"	8	1
"RCS223-06074"	"04372016"	"FLUME A LANGOUET"	4	"05/08/2022"	20004512800010	"EPTB Eaux et Vilaine"	41749411900056	"AQUABIO"	41749411900056	"AQUABIO"	341968	6806102	342007	6806114	"P12-A"	"C"	0	"933"	"Oligochaeta"	22	1
"RCS223-06074"	"04372016"	"FLUME A LANGOUET"	4	"05/08/2022"	20004512800010	"EPTB Eaux et Vilaine"	41749411900056	"AQUABIO"	41749411900056	"AQUABIO"	341968	6806102	342007	6806114	"P12-A"	"C"	0	"978"	"Potamopyrgus"	3	1
"RCS223-06075"	"04374002"	"TOURNERAIS A GOVEN"	5	"04/08/2022"	0	"EPTB Eaux et Vilaine"	41749411900056	"AQUABIO"	41749411900056	"AQUABIO"	342688	6778899	342739	6778903	"TP12-A"	"A"	0	"1009"	"Planorbidae"	2	1
"RCS223-06075"	"04374002"	"TOURNERAIS A GOVEN"	5	"04/08/2022"	0	"EPTB Eaux et Vilaine"	41749411900056	"AQUABIO"	41749411900056	"AQUABIO"	342688	6778899	342739	6778903	"TP12-A"	"A"	0	"1042"	"Sphaeriidae"	185	1
"RCS223-06075"	"04374002"	"TOURNERAIS A GOVEN"	5	"04/08/2022"	0	"EPTB Eaux et Vilaine"	41749411900056	"AQUABIO"	41749411900056	"AQUABIO"	342688	6778899	342739	6778903	"TP12-A"	"A"	0	"1043"	"Pisidium"	2	1
"RCS223-06075"	"04374002"	"TOURNERAIS A GOVEN"	5	"04/08/2022"	0	"EPTB Eaux et Vilaine"	41749411900056	"AQUABIO"	41749411900056	"AQUABIO"	342688	6778899	342739	6778903	"TP12-A"	"A"	0	"1044"	"Sphaerium"	13	1
"RCS223-06075"	"04374002"	"TOURNERAIS A GOVEN"	5	"04/08/2022"	0	"EPTB Eaux et Vilaine"	41749411900056	"AQUABIO"	41749411900056	"AQUABIO"	342688	6778899	342739	6778903	"TP12-A"	"A"	0	"1087"	"Bryozoa"	1	4
"RCS223-06075"	"04374002"	"TOURNERAIS A GOVEN"	5	"04/08/2022"	0	"EPTB Eaux et Vilaine"	41749411900056	"AQUABIO"	41749411900056	"AQUABIO"	342688	6778899	342739	6778903	"TP12-A"	"A"	0	"223"	"Polycentropodidae"	2	1
"RCS223-06075"	"04374002"	"TOURNERAIS A GOVEN"	5	"04/08/2022"	0	"EPTB Eaux et Vilaine"	41749411900056	"AQUABIO"	41749411900056	"AQUABIO"	342688	6778899	342739	6778903	"TP12-A"	"A"	0	"224"	"Cyrnus"	4	1
"RCS223-06075"	"04374002"	"TOURNERAIS A GOVEN"	5	"04/08/2022"	0	"EPTB Eaux et Vilaine"	41749411900056	"AQUABIO"	41749411900056	"AQUABIO"	342688	6778899	342739	6778903	"TP12-A"	"A"	0	"231"	"Polycentropus"	2	1
"RCS223-06075"	"04374002"	"TOURNERAIS A GOVEN"	5	"04/08/2022"	0	"EPTB Eaux et Vilaine"	41749411900056	"AQUABIO"	41749411900056	"AQUABIO"	342688	6778899	342739	6778903	"TP12-A"	"A"	0	"241"	"Lype"	3	1
"RCS223-06075"	"04374002"	"TOURNERAIS A GOVEN"	5	"04/08/2022"	0	"EPTB Eaux et Vilaine"	41749411900056	"AQUABIO"	41749411900056	"AQUABIO"	342688	6778899	342739	6778903	"TP12-A"	"A"	0	"3163"	"Limnephilinae"	2	1
"RCS223-06075"	"04374002"	"TOURNERAIS A GOVEN"	5	"04/08/2022"	0	"EPTB Eaux et Vilaine"	41749411900056	"AQUABIO"	41749411900056	"AQUABIO"	342688	6778899	342739	6778903	"TP12-A"	"A"	0	"3206"	"Copepoda"	1	4
"RCS223-06075"	"04374002"	"TOURNERAIS A GOVEN"	5	"04/08/2022"	0	"EPTB Eaux et Vilaine"	41749411900056	"AQUABIO"	41749411900056	"AQUABIO"	342688	6778899	342739	6778903	"TP12-A"	"A"	0	"325"	"Notidobia"	2	1
"RCS223-06075"	"04374002"	"TOURNERAIS A GOVEN"	5	"04/08/2022"	0	"EPTB Eaux et Vilaine"	41749411900056	"AQUABIO"	41749411900056	"AQUABIO"	342688	6778899	342739	6778903	"TP12-A"	"A"	0	"329"	"Beraeodes"	3	1
"RCS223-06075"	"04374002"	"TOURNERAIS A GOVEN"	5	"04/08/2022"	0	"EPTB Eaux et Vilaine"	41749411900056	"AQUABIO"	41749411900056	"AQUABIO"	342688	6778899	342739	6778903	"TP12-A"	"A"	0	"514"	"Gyrinus"	1	1
"RCS223-06075"	"04374002"	"TOURNERAIS A GOVEN"	5	"04/08/2022"	0	"EPTB Eaux et Vilaine"	41749411900056	"AQUABIO"	41749411900056	"AQUABIO"	342688	6778899	342739	6778903	"TP12-A"	"A"	0	"618"	"Elmis"	1	1
"RCS223-06075"	"04374002"	"TOURNERAIS A GOVEN"	5	"04/08/2022"	0	"EPTB Eaux et Vilaine"	41749411900056	"AQUABIO"	41749411900056	"AQUABIO"	342688	6778899	342739	6778903	"TP12-A"	"A"	0	"704"	"Sialis"	1	1
"RCS223-06075"	"04374002"	"TOURNERAIS A GOVEN"	5	"04/08/2022"	0	"EPTB Eaux et Vilaine"	41749411900056	"AQUABIO"	41749411900056	"AQUABIO"	342688	6778899	342739	6778903	"TP12-A"	"A"	0	"743"	"Veliidae"	1	1
"RCS223-06075"	"04374002"	"TOURNERAIS A GOVEN"	5	"04/08/2022"	0	"EPTB Eaux et Vilaine"	41749411900056	"AQUABIO"	41749411900056	"AQUABIO"	342688	6778899	342739	6778903	"TP12-A"	"A"	0	"807"	"Chironomidae"	434	1
"RCS223-06075"	"04374002"	"TOURNERAIS A GOVEN"	5	"04/08/2022"	0	"EPTB Eaux et Vilaine"	41749411900056	"AQUABIO"	41749411900056	"AQUABIO"	342688	6778899	342739	6778903	"TP12-A"	"A"	0	"880"	"Asellidae"	7	1
"RCS223-06075"	"04374002"	"TOURNERAIS A GOVEN"	5	"04/08/2022"	0	"EPTB Eaux et Vilaine"	41749411900056	"AQUABIO"	41749411900056	"AQUABIO"	342688	6778899	342739	6778903	"TP12-A"	"A"	0	"887"	"Gammaridae"	51	1
"RCS223-06075"	"04374002"	"TOURNERAIS A GOVEN"	5	"04/08/2022"	0	"EPTB Eaux et Vilaine"	41749411900056	"AQUABIO"	41749411900056	"AQUABIO"	342688	6778899	342739	6778903	"TP12-A"	"A"	0	"892"	"Gammarus"	18	1
"RCS223-06075"	"04374002"	"TOURNERAIS A GOVEN"	5	"04/08/2022"	0	"EPTB Eaux et Vilaine"	41749411900056	"AQUABIO"	41749411900056	"AQUABIO"	342688	6778899	342739	6778903	"TP12-A"	"A"	0	"908"	"Glossiphoniidae"	6	1
"RCS223-06075"	"04374002"	"TOURNERAIS A GOVEN"	5	"04/08/2022"	0	"EPTB Eaux et Vilaine"	41749411900056	"AQUABIO"	41749411900056	"AQUABIO"	342688	6778899	342739	6778903	"TP12-A"	"A"	0	"928"	"Erpobdellidae"	1	1
"RCS223-06075"	"04374002"	"TOURNERAIS A GOVEN"	5	"04/08/2022"	0	"EPTB Eaux et Vilaine"	41749411900056	"AQUABIO"	41749411900056	"AQUABIO"	342688	6778899	342739	6778903	"TP12-A"	"A"	0	"933"	"Oligochaeta"	19	1
"RCS223-06075"	"04374002"	"TOURNERAIS A GOVEN"	5	"04/08/2022"	0	"EPTB Eaux et Vilaine"	41749411900056	"AQUABIO"	41749411900056	"AQUABIO"	342688	6778899	342739	6778903	"TP12-A"	"B"	0	"1042"	"Sphaeriidae"	2	1
"RCS223-06075"	"04374002"	"TOURNERAIS A GOVEN"	5	"04/08/2022"	0	"EPTB Eaux et Vilaine"	41749411900056	"AQUABIO"	41749411900056	"AQUABIO"	342688	6778899	342739	6778903	"TP12-A"	"B"	0	"1043"	"Pisidium"	1	1
"RCS223-06075"	"04374002"	"TOURNERAIS A GOVEN"	5	"04/08/2022"	0	"EPTB Eaux et Vilaine"	41749411900056	"AQUABIO"	41749411900056	"AQUABIO"	342688	6778899	342739	6778903	"TP12-A"	"B"	0	"1044"	"Sphaerium"	4	1
"RCS223-06075"	"04374002"	"TOURNERAIS A GOVEN"	5	"04/08/2022"	0	"EPTB Eaux et Vilaine"	41749411900056	"AQUABIO"	41749411900056	"AQUABIO"	342688	6778899	342739	6778903	"TP12-A"	"B"	0	"1054"	"Tricladida"	1	1
"RCS223-06075"	"04374002"	"TOURNERAIS A GOVEN"	5	"04/08/2022"	0	"EPTB Eaux et Vilaine"	41749411900056	"AQUABIO"	41749411900056	"AQUABIO"	342688	6778899	342739	6778903	"TP12-A"	"B"	0	"1064"	"Polycelis"	1	1
"RCS223-06075"	"04374002"	"TOURNERAIS A GOVEN"	5	"04/08/2022"	0	"EPTB Eaux et Vilaine"	41749411900056	"AQUABIO"	41749411900056	"AQUABIO"	342688	6778899	342739	6778903	"TP12-A"	"B"	0	"1087"	"Bryozoa"	1	4
"RCS223-06075"	"04374002"	"TOURNERAIS A GOVEN"	5	"04/08/2022"	0	"EPTB Eaux et Vilaine"	41749411900056	"AQUABIO"	41749411900056	"AQUABIO"	342688	6778899	342739	6778903	"TP12-A"	"B"	0	"223"	"Polycentropodidae"	1	1
"RCS223-06075"	"04374002"	"TOURNERAIS A GOVEN"	5	"04/08/2022"	0	"EPTB Eaux et Vilaine"	41749411900056	"AQUABIO"	41749411900056	"AQUABIO"	342688	6778899	342739	6778903	"TP12-A"	"B"	0	"224"	"Cyrnus"	2	1
"RCS223-06075"	"04374002"	"TOURNERAIS A GOVEN"	5	"04/08/2022"	0	"EPTB Eaux et Vilaine"	41749411900056	"AQUABIO"	41749411900056	"AQUABIO"	342688	6778899	342739	6778903	"TP12-A"	"B"	0	"329"	"Beraeodes"	5	1
"RCS223-06075"	"04374002"	"TOURNERAIS A GOVEN"	5	"04/08/2022"	0	"EPTB Eaux et Vilaine"	41749411900056	"AQUABIO"	41749411900056	"AQUABIO"	342688	6778899	342739	6778903	"TP12-A"	"B"	0	"807"	"Chironomidae"	119	1
"RCS223-06075"	"04374002"	"TOURNERAIS A GOVEN"	5	"04/08/2022"	0	"EPTB Eaux et Vilaine"	41749411900056	"AQUABIO"	41749411900056	"AQUABIO"	342688	6778899	342739	6778903	"TP12-A"	"B"	0	"819"	"Ceratopogonidae"	3	1
"RCS223-06075"	"04374002"	"TOURNERAIS A GOVEN"	5	"04/08/2022"	0	"EPTB Eaux et Vilaine"	41749411900056	"AQUABIO"	41749411900056	"AQUABIO"	342688	6778899	342739	6778903	"TP12-A"	"B"	0	"880"	"Asellidae"	1	1
"RCS223-06075"	"04374002"	"TOURNERAIS A GOVEN"	5	"04/08/2022"	0	"EPTB Eaux et Vilaine"	41749411900056	"AQUABIO"	41749411900056	"AQUABIO"	342688	6778899	342739	6778903	"TP12-A"	"B"	0	"887"	"Gammaridae"	13	1
"RCS223-06075"	"04374002"	"TOURNERAIS A GOVEN"	5	"04/08/2022"	0	"EPTB Eaux et Vilaine"	41749411900056	"AQUABIO"	41749411900056	"AQUABIO"	342688	6778899	342739	6778903	"TP12-A"	"B"	0	"892"	"Gammarus"	5	1
"RCS223-06075"	"04374002"	"TOURNERAIS A GOVEN"	5	"04/08/2022"	0	"EPTB Eaux et Vilaine"	41749411900056	"AQUABIO"	41749411900056	"AQUABIO"	342688	6778899	342739	6778903	"TP12-A"	"B"	0	"908"	"Glossiphoniidae"	2	1
"RCS223-06075"	"04374002"	"TOURNERAIS A GOVEN"	5	"04/08/2022"	0	"EPTB Eaux et Vilaine"	41749411900056	"AQUABIO"	41749411900056	"AQUABIO"	342688	6778899	342739	6778903	"TP12-A"	"B"	0	"928"	"Erpobdellidae"	2	1
"RCS223-06075"	"04374002"	"TOURNERAIS A GOVEN"	5	"04/08/2022"	0	"EPTB Eaux et Vilaine"	41749411900056	"AQUABIO"	41749411900056	"AQUABIO"	342688	6778899	342739	6778903	"TP12-A"	"B"	0	"933"	"Oligochaeta"	34	1
"RCS223-06075"	"04374002"	"TOURNERAIS A GOVEN"	5	"04/08/2022"	0	"EPTB Eaux et Vilaine"	41749411900056	"AQUABIO"	41749411900056	"AQUABIO"	342688	6778899	342739	6778903	"TP12-A"	"C"	0	"1042"	"Sphaeriidae"	42	1
"RCS223-06075"	"04374002"	"TOURNERAIS A GOVEN"	5	"04/08/2022"	0	"EPTB Eaux et Vilaine"	41749411900056	"AQUABIO"	41749411900056	"AQUABIO"	342688	6778899	342739	6778903	"TP12-A"	"C"	0	"1043"	"Pisidium"	2	1
"RCS223-06075"	"04374002"	"TOURNERAIS A GOVEN"	5	"04/08/2022"	0	"EPTB Eaux et Vilaine"	41749411900056	"AQUABIO"	41749411900056	"AQUABIO"	342688	6778899	342739	6778903	"TP12-A"	"C"	0	"1064"	"Polycelis"	3	1
"RCS223-06075"	"04374002"	"TOURNERAIS A GOVEN"	5	"04/08/2022"	0	"EPTB Eaux et Vilaine"	41749411900056	"AQUABIO"	41749411900056	"AQUABIO"	342688	6778899	342739	6778903	"TP12-A"	"C"	0	"223"	"Polycentropodidae"	1	1
"RCS223-06075"	"04374002"	"TOURNERAIS A GOVEN"	5	"04/08/2022"	0	"EPTB Eaux et Vilaine"	41749411900056	"AQUABIO"	41749411900056	"AQUABIO"	342688	6778899	342739	6778903	"TP12-A"	"C"	0	"224"	"Cyrnus"	1	1
"RCS223-06075"	"04374002"	"TOURNERAIS A GOVEN"	5	"04/08/2022"	0	"EPTB Eaux et Vilaine"	41749411900056	"AQUABIO"	41749411900056	"AQUABIO"	342688	6778899	342739	6778903	"TP12-A"	"C"	0	"3163"	"Limnephilinae"	1	1
"RCS223-06075"	"04374002"	"TOURNERAIS A GOVEN"	5	"04/08/2022"	0	"EPTB Eaux et Vilaine"	41749411900056	"AQUABIO"	41749411900056	"AQUABIO"	342688	6778899	342739	6778903	"TP12-A"	"C"	0	"3206"	"Copepoda"	1	4
"RCS223-06075"	"04374002"	"TOURNERAIS A GOVEN"	5	"04/08/2022"	0	"EPTB Eaux et Vilaine"	41749411900056	"AQUABIO"	41749411900056	"AQUABIO"	342688	6778899	342739	6778903	"TP12-A"	"C"	0	"364"	"Baetis"	2	1
"RCS223-06075"	"04374002"	"TOURNERAIS A GOVEN"	5	"04/08/2022"	0	"EPTB Eaux et Vilaine"	41749411900056	"AQUABIO"	41749411900056	"AQUABIO"	342688	6778899	342739	6778903	"TP12-A"	"C"	0	"451"	"Ephemerella ignita"	1	1
"RCS223-06075"	"04374002"	"TOURNERAIS A GOVEN"	5	"04/08/2022"	0	"EPTB Eaux et Vilaine"	41749411900056	"AQUABIO"	41749411900056	"AQUABIO"	342688	6778899	342739	6778903	"TP12-A"	"C"	0	"618"	"Elmis"	1	1
"RCS223-06075"	"04374002"	"TOURNERAIS A GOVEN"	5	"04/08/2022"	0	"EPTB Eaux et Vilaine"	41749411900056	"AQUABIO"	41749411900056	"AQUABIO"	342688	6778899	342739	6778903	"TP12-A"	"C"	0	"765"	"Dicranota"	1	1
"RCS223-06075"	"04374002"	"TOURNERAIS A GOVEN"	5	"04/08/2022"	0	"EPTB Eaux et Vilaine"	41749411900056	"AQUABIO"	41749411900056	"AQUABIO"	342688	6778899	342739	6778903	"TP12-A"	"C"	0	"807"	"Chironomidae"	120	1
"RCS223-06075"	"04374002"	"TOURNERAIS A GOVEN"	5	"04/08/2022"	0	"EPTB Eaux et Vilaine"	41749411900056	"AQUABIO"	41749411900056	"AQUABIO"	342688	6778899	342739	6778903	"TP12-A"	"C"	0	"819"	"Ceratopogonidae"	2	1
"RCS223-06075"	"04374002"	"TOURNERAIS A GOVEN"	5	"04/08/2022"	0	"EPTB Eaux et Vilaine"	41749411900056	"AQUABIO"	41749411900056	"AQUABIO"	342688	6778899	342739	6778903	"TP12-A"	"C"	0	"887"	"Gammaridae"	39	1
"RCS223-06075"	"04374002"	"TOURNERAIS A GOVEN"	5	"04/08/2022"	0	"EPTB Eaux et Vilaine"	41749411900056	"AQUABIO"	41749411900056	"AQUABIO"	342688	6778899	342739	6778903	"TP12-A"	"C"	0	"892"	"Gammarus"	8	1
"RCS223-06075"	"04374002"	"TOURNERAIS A GOVEN"	5	"04/08/2022"	0	"EPTB Eaux et Vilaine"	41749411900056	"AQUABIO"	41749411900056	"AQUABIO"	342688	6778899	342739	6778903	"TP12-A"	"C"	0	"933"	"Oligochaeta"	38	1
"RCS223-06076"	"04377002"	"RAU D'EVAL À SAINT-MALO-DE-PHILY"	3	"04/08/2022"	0	"EPTB Eaux et Vilaine"	41749411900056	"AQUABIO"	41749411900056	"AQUABIO"	340723	6762976	340764	6762975	"TP12-A"	"A"	0	"1009"	"Planorbidae"	6	1
"RCS223-06076"	"04377002"	"RAU D'EVAL À SAINT-MALO-DE-PHILY"	3	"04/08/2022"	0	"EPTB Eaux et Vilaine"	41749411900056	"AQUABIO"	41749411900056	"AQUABIO"	340723	6762976	340764	6762975	"TP12-A"	"A"	0	"1042"	"Sphaeriidae"	3	1
"RCS223-06076"	"04377002"	"RAU D'EVAL À SAINT-MALO-DE-PHILY"	3	"04/08/2022"	0	"EPTB Eaux et Vilaine"	41749411900056	"AQUABIO"	41749411900056	"AQUABIO"	340723	6762976	340764	6762975	"TP12-A"	"A"	0	"1043"	"Pisidium"	12	1
"RCS223-06076"	"04377002"	"RAU D'EVAL À SAINT-MALO-DE-PHILY"	3	"04/08/2022"	0	"EPTB Eaux et Vilaine"	41749411900056	"AQUABIO"	41749411900056	"AQUABIO"	340723	6762976	340764	6762975	"TP12-A"	"A"	0	"223"	"Polycentropodidae"	3	1
"RCS223-06076"	"04377002"	"RAU D'EVAL À SAINT-MALO-DE-PHILY"	3	"04/08/2022"	0	"EPTB Eaux et Vilaine"	41749411900056	"AQUABIO"	41749411900056	"AQUABIO"	340723	6762976	340764	6762975	"TP12-A"	"A"	0	"224"	"Cyrnus"	12	1
"RCS223-06076"	"04377002"	"RAU D'EVAL À SAINT-MALO-DE-PHILY"	3	"04/08/2022"	0	"EPTB Eaux et Vilaine"	41749411900056	"AQUABIO"	41749411900056	"AQUABIO"	340723	6762976	340764	6762975	"TP12-A"	"A"	0	"231"	"Polycentropus"	6	1
"RCS223-06076"	"04377002"	"RAU D'EVAL À SAINT-MALO-DE-PHILY"	3	"04/08/2022"	0	"EPTB Eaux et Vilaine"	41749411900056	"AQUABIO"	41749411900056	"AQUABIO"	340723	6762976	340764	6762975	"TP12-A"	"A"	0	"2393"	"Hydroporinae"	1	1
"RCS223-06076"	"04377002"	"RAU D'EVAL À SAINT-MALO-DE-PHILY"	3	"04/08/2022"	0	"EPTB Eaux et Vilaine"	41749411900056	"AQUABIO"	41749411900056	"AQUABIO"	340723	6762976	340764	6762975	"TP12-A"	"A"	0	"3206"	"Copepoda"	1	4
"RCS223-06076"	"04377002"	"RAU D'EVAL À SAINT-MALO-DE-PHILY"	3	"04/08/2022"	0	"EPTB Eaux et Vilaine"	41749411900056	"AQUABIO"	41749411900056	"AQUABIO"	340723	6762976	340764	6762975	"TP12-A"	"A"	0	"325"	"Notidobia"	7	1
"RCS223-06076"	"04377002"	"RAU D'EVAL À SAINT-MALO-DE-PHILY"	3	"04/08/2022"	0	"EPTB Eaux et Vilaine"	41749411900056	"AQUABIO"	41749411900056	"AQUABIO"	340723	6762976	340764	6762975	"TP12-A"	"A"	0	"329"	"Beraeodes"	15	1
"RCS223-06076"	"04377002"	"RAU D'EVAL À SAINT-MALO-DE-PHILY"	3	"04/08/2022"	0	"EPTB Eaux et Vilaine"	41749411900056	"AQUABIO"	41749411900056	"AQUABIO"	340723	6762976	340764	6762975	"TP12-A"	"A"	0	"613"	"Dryops"	1	1
"RCS223-06076"	"04377002"	"RAU D'EVAL À SAINT-MALO-DE-PHILY"	3	"04/08/2022"	0	"EPTB Eaux et Vilaine"	41749411900056	"AQUABIO"	41749411900056	"AQUABIO"	340723	6762976	340764	6762975	"TP12-A"	"A"	0	"622"	"Oulimnius"	1	1
"RCS223-06076"	"04377002"	"RAU D'EVAL À SAINT-MALO-DE-PHILY"	3	"04/08/2022"	0	"EPTB Eaux et Vilaine"	41749411900056	"AQUABIO"	41749411900056	"AQUABIO"	340723	6762976	340764	6762975	"TP12-A"	"A"	0	"650"	"Calopteryx"	1	1
"RCS223-06076"	"04377002"	"RAU D'EVAL À SAINT-MALO-DE-PHILY"	3	"04/08/2022"	0	"EPTB Eaux et Vilaine"	41749411900056	"AQUABIO"	41749411900056	"AQUABIO"	340723	6762976	340764	6762975	"TP12-A"	"A"	0	"658"	"Coenagrionidae"	2	1
"RCS223-06076"	"04377002"	"RAU D'EVAL À SAINT-MALO-DE-PHILY"	3	"04/08/2022"	0	"EPTB Eaux et Vilaine"	41749411900056	"AQUABIO"	41749411900056	"AQUABIO"	340723	6762976	340764	6762975	"TP12-A"	"A"	0	"704"	"Sialis"	10	1
"RCS223-06076"	"04377002"	"RAU D'EVAL À SAINT-MALO-DE-PHILY"	3	"04/08/2022"	0	"EPTB Eaux et Vilaine"	41749411900056	"AQUABIO"	41749411900056	"AQUABIO"	340723	6762976	340764	6762975	"TP12-A"	"A"	0	"807"	"Chironomidae"	50	1
"RCS223-06076"	"04377002"	"RAU D'EVAL À SAINT-MALO-DE-PHILY"	3	"04/08/2022"	0	"EPTB Eaux et Vilaine"	41749411900056	"AQUABIO"	41749411900056	"AQUABIO"	340723	6762976	340764	6762975	"TP12-A"	"A"	0	"840"	"Atrichops"	8	1
"RCS223-06076"	"04377002"	"RAU D'EVAL À SAINT-MALO-DE-PHILY"	3	"04/08/2022"	0	"EPTB Eaux et Vilaine"	41749411900056	"AQUABIO"	41749411900056	"AQUABIO"	340723	6762976	340764	6762975	"TP12-A"	"A"	0	"880"	"Asellidae"	48	1
"RCS223-06076"	"04377002"	"RAU D'EVAL À SAINT-MALO-DE-PHILY"	3	"04/08/2022"	0	"EPTB Eaux et Vilaine"	41749411900056	"AQUABIO"	41749411900056	"AQUABIO"	340723	6762976	340764	6762975	"TP12-A"	"A"	0	"887"	"Gammaridae"	7	1
"RCS223-06076"	"04377002"	"RAU D'EVAL À SAINT-MALO-DE-PHILY"	3	"04/08/2022"	0	"EPTB Eaux et Vilaine"	41749411900056	"AQUABIO"	41749411900056	"AQUABIO"	340723	6762976	340764	6762975	"TP12-A"	"A"	0	"892"	"Gammarus"	11	1
"RCS223-06076"	"04377002"	"RAU D'EVAL À SAINT-MALO-DE-PHILY"	3	"04/08/2022"	0	"EPTB Eaux et Vilaine"	41749411900056	"AQUABIO"	41749411900056	"AQUABIO"	340723	6762976	340764	6762975	"TP12-A"	"A"	0	"933"	"Oligochaeta"	25	1
"RCS223-06076"	"04377002"	"RAU D'EVAL À SAINT-MALO-DE-PHILY"	3	"04/08/2022"	0	"EPTB Eaux et Vilaine"	41749411900056	"AQUABIO"	41749411900056	"AQUABIO"	340723	6762976	340764	6762975	"TP12-A"	"B"	0	"1038"	"Anodonta"	1	1
"RCS223-06076"	"04377002"	"RAU D'EVAL À SAINT-MALO-DE-PHILY"	3	"04/08/2022"	0	"EPTB Eaux et Vilaine"	41749411900056	"AQUABIO"	41749411900056	"AQUABIO"	340723	6762976	340764	6762975	"TP12-A"	"B"	0	"1042"	"Sphaeriidae"	14	1
"RCS223-06076"	"04377002"	"RAU D'EVAL À SAINT-MALO-DE-PHILY"	3	"04/08/2022"	0	"EPTB Eaux et Vilaine"	41749411900056	"AQUABIO"	41749411900056	"AQUABIO"	340723	6762976	340764	6762975	"TP12-A"	"B"	0	"224"	"Cyrnus"	7	1
"RCS223-06076"	"04377002"	"RAU D'EVAL À SAINT-MALO-DE-PHILY"	3	"04/08/2022"	0	"EPTB Eaux et Vilaine"	41749411900056	"AQUABIO"	41749411900056	"AQUABIO"	340723	6762976	340764	6762975	"TP12-A"	"B"	0	"245"	"Tinodes"	1	1
"RCS223-06076"	"04377002"	"RAU D'EVAL À SAINT-MALO-DE-PHILY"	3	"04/08/2022"	0	"EPTB Eaux et Vilaine"	41749411900056	"AQUABIO"	41749411900056	"AQUABIO"	340723	6762976	340764	6762975	"TP12-A"	"B"	0	"3127"	"Cladocera"	1	4
"RCS223-06076"	"04377002"	"RAU D'EVAL À SAINT-MALO-DE-PHILY"	3	"04/08/2022"	0	"EPTB Eaux et Vilaine"	41749411900056	"AQUABIO"	41749411900056	"AQUABIO"	340723	6762976	340764	6762975	"TP12-A"	"B"	0	"3206"	"Copepoda"	1	4
"RCS223-06076"	"04377002"	"RAU D'EVAL À SAINT-MALO-DE-PHILY"	3	"04/08/2022"	0	"EPTB Eaux et Vilaine"	41749411900056	"AQUABIO"	41749411900056	"AQUABIO"	340723	6762976	340764	6762975	"TP12-A"	"B"	0	"325"	"Notidobia"	5	1
"RCS223-06076"	"04377002"	"RAU D'EVAL À SAINT-MALO-DE-PHILY"	3	"04/08/2022"	0	"EPTB Eaux et Vilaine"	41749411900056	"AQUABIO"	41749411900056	"AQUABIO"	340723	6762976	340764	6762975	"TP12-A"	"B"	0	"704"	"Sialis"	4	1
"RCS223-06076"	"04377002"	"RAU D'EVAL À SAINT-MALO-DE-PHILY"	3	"04/08/2022"	0	"EPTB Eaux et Vilaine"	41749411900056	"AQUABIO"	41749411900056	"AQUABIO"	340723	6762976	340764	6762975	"TP12-A"	"B"	0	"807"	"Chironomidae"	174	1
"RCS223-06076"	"04377002"	"RAU D'EVAL À SAINT-MALO-DE-PHILY"	3	"04/08/2022"	0	"EPTB Eaux et Vilaine"	41749411900056	"AQUABIO"	41749411900056	"AQUABIO"	340723	6762976	340764	6762975	"TP12-A"	"B"	0	"819"	"Ceratopogonidae"	2	1
"RCS223-06076"	"04377002"	"RAU D'EVAL À SAINT-MALO-DE-PHILY"	3	"04/08/2022"	0	"EPTB Eaux et Vilaine"	41749411900056	"AQUABIO"	41749411900056	"AQUABIO"	340723	6762976	340764	6762975	"TP12-A"	"B"	0	"840"	"Atrichops"	1	1
"RCS223-06076"	"04377002"	"RAU D'EVAL À SAINT-MALO-DE-PHILY"	3	"04/08/2022"	0	"EPTB Eaux et Vilaine"	41749411900056	"AQUABIO"	41749411900056	"AQUABIO"	340723	6762976	340764	6762975	"TP12-A"	"B"	0	"933"	"Oligochaeta"	6	1
"RCS223-06076"	"04377002"	"RAU D'EVAL À SAINT-MALO-DE-PHILY"	3	"04/08/2022"	0	"EPTB Eaux et Vilaine"	41749411900056	"AQUABIO"	41749411900056	"AQUABIO"	340723	6762976	340764	6762975	"TP12-A"	"B"	0	"994"	"Bithynia"	1	1
"RCS223-06076"	"04377002"	"RAU D'EVAL À SAINT-MALO-DE-PHILY"	3	"04/08/2022"	0	"EPTB Eaux et Vilaine"	41749411900056	"AQUABIO"	41749411900056	"AQUABIO"	340723	6762976	340764	6762975	"TP12-A"	"C"	0	"1038"	"Anodonta"	1	1
"RCS223-06076"	"04377002"	"RAU D'EVAL À SAINT-MALO-DE-PHILY"	3	"04/08/2022"	0	"EPTB Eaux et Vilaine"	41749411900056	"AQUABIO"	41749411900056	"AQUABIO"	340723	6762976	340764	6762975	"TP12-A"	"C"	0	"1042"	"Sphaeriidae"	1	1
"RCS223-06076"	"04377002"	"RAU D'EVAL À SAINT-MALO-DE-PHILY"	3	"04/08/2022"	0	"EPTB Eaux et Vilaine"	41749411900056	"AQUABIO"	41749411900056	"AQUABIO"	340723	6762976	340764	6762975	"TP12-A"	"C"	0	"1043"	"Pisidium"	5	1
"RCS223-06076"	"04377002"	"RAU D'EVAL À SAINT-MALO-DE-PHILY"	3	"04/08/2022"	0	"EPTB Eaux et Vilaine"	41749411900056	"AQUABIO"	41749411900056	"AQUABIO"	340723	6762976	340764	6762975	"TP12-A"	"C"	0	"224"	"Cyrnus"	3	1
"RCS223-06076"	"04377002"	"RAU D'EVAL À SAINT-MALO-DE-PHILY"	3	"04/08/2022"	0	"EPTB Eaux et Vilaine"	41749411900056	"AQUABIO"	41749411900056	"AQUABIO"	340723	6762976	340764	6762975	"TP12-A"	"C"	0	"305"	"Lepidostoma"	1	1
"RCS223-06076"	"04377002"	"RAU D'EVAL À SAINT-MALO-DE-PHILY"	3	"04/08/2022"	0	"EPTB Eaux et Vilaine"	41749411900056	"AQUABIO"	41749411900056	"AQUABIO"	340723	6762976	340764	6762975	"TP12-A"	"C"	0	"3170"	"Ostracoda"	1	4
"RCS223-06076"	"04377002"	"RAU D'EVAL À SAINT-MALO-DE-PHILY"	3	"04/08/2022"	0	"EPTB Eaux et Vilaine"	41749411900056	"AQUABIO"	41749411900056	"AQUABIO"	340723	6762976	340764	6762975	"TP12-A"	"C"	0	"325"	"Notidobia"	5	1
"RCS223-06076"	"04377002"	"RAU D'EVAL À SAINT-MALO-DE-PHILY"	3	"04/08/2022"	0	"EPTB Eaux et Vilaine"	41749411900056	"AQUABIO"	41749411900056	"AQUABIO"	340723	6762976	340764	6762975	"TP12-A"	"C"	0	"329"	"Beraeodes"	1	1
"RCS223-06076"	"04377002"	"RAU D'EVAL À SAINT-MALO-DE-PHILY"	3	"04/08/2022"	0	"EPTB Eaux et Vilaine"	41749411900056	"AQUABIO"	41749411900056	"AQUABIO"	340723	6762976	340764	6762975	"TP12-A"	"C"	0	"383"	"Centroptilum"	1	1
"RCS223-06076"	"04377002"	"RAU D'EVAL À SAINT-MALO-DE-PHILY"	3	"04/08/2022"	0	"EPTB Eaux et Vilaine"	41749411900056	"AQUABIO"	41749411900056	"AQUABIO"	340723	6762976	340764	6762975	"TP12-A"	"C"	0	"502"	"Ephemera"	1	1
"RCS223-06076"	"04377002"	"RAU D'EVAL À SAINT-MALO-DE-PHILY"	3	"04/08/2022"	0	"EPTB Eaux et Vilaine"	41749411900056	"AQUABIO"	41749411900056	"AQUABIO"	340723	6762976	340764	6762975	"TP12-A"	"C"	0	"623"	"Limnius"	1	1
"RCS223-06076"	"04377002"	"RAU D'EVAL À SAINT-MALO-DE-PHILY"	3	"04/08/2022"	0	"EPTB Eaux et Vilaine"	41749411900056	"AQUABIO"	41749411900056	"AQUABIO"	340723	6762976	340764	6762975	"TP12-A"	"C"	0	"704"	"Sialis"	6	1
"RCS223-06076"	"04377002"	"RAU D'EVAL À SAINT-MALO-DE-PHILY"	3	"04/08/2022"	0	"EPTB Eaux et Vilaine"	41749411900056	"AQUABIO"	41749411900056	"AQUABIO"	340723	6762976	340764	6762975	"TP12-A"	"C"	0	"807"	"Chironomidae"	221	1
"RCS223-06076"	"04377002"	"RAU D'EVAL À SAINT-MALO-DE-PHILY"	3	"04/08/2022"	0	"EPTB Eaux et Vilaine"	41749411900056	"AQUABIO"	41749411900056	"AQUABIO"	340723	6762976	340764	6762975	"TP12-A"	"C"	0	"819"	"Ceratopogonidae"	3	1
"RCS223-06076"	"04377002"	"RAU D'EVAL À SAINT-MALO-DE-PHILY"	3	"04/08/2022"	0	"EPTB Eaux et Vilaine"	41749411900056	"AQUABIO"	41749411900056	"AQUABIO"	340723	6762976	340764	6762975	"TP12-A"	"C"	0	"840"	"Atrichops"	3	1
"RCS223-06076"	"04377002"	"RAU D'EVAL À SAINT-MALO-DE-PHILY"	3	"04/08/2022"	0	"EPTB Eaux et Vilaine"	41749411900056	"AQUABIO"	41749411900056	"AQUABIO"	340723	6762976	340764	6762975	"TP12-A"	"C"	0	"933"	"Oligochaeta"	42	1
